accelX,accelY,accelZ,magX,magY,magZ,gryoX,gyroY,gyroZ,gyroTemperature
Mean: 216.80083333333334,-351.4651666666667,4197.436166666666,-146.698,38.809,-846.3095,-8.588666666666667,-8.7715,37.647333333333336,5.4635
Variance: 25.902816441629824,17.353678918715456,39.665536228389136,28.96328988164579,29.173047841306893,64.81617911320207,665.6850857365116,299.6128898983164,276.21166149913864,0.7277890481746939
Mean: 217.3255,-348.9705,4195.503333333333,-146.12066666666666,39.93683333333333,-846.8733333333333,-4.564666666666667,-24.136833333333332,56.875166666666665,7.518666666666666
Variance: 23.378779546591336,17.422866894475895,49.81795854881657,31.13962949380455,29.711795271434056,54.59372117579391,716.9159708840363,331.72506414958053,276.1026004056233,0.2763642829360418
Mean: 217.31383333333332,-346.80216666666666,4193.695333333333,-143.0605,36.45516666666666,-846.5155,11.109833333333333,-26.908666666666665,62.89366666666667,8.975833333333334
Variance: 62.147699922208965,33.673974301263,41.60777951924279,32.39390540089949,28.157349530477365,58.34648416407567,652.2741489970551,300.00399222092574,254.96585419792189,0.09226468300272526
Mean: 217.00283333333334,-345.706,4193.225166666667,-139.09516666666667,35.913333333333334,-849.8771666666667,21.390166666666666,-30.596666666666668,67.6595,9.920666666666667
Variance: 21.621428877030795,16.06657509583993,38.421203506451924,31.74473409457025,26.34921375784857,53.88205898203518,671.4218402789354,299.218858698672,251.45446882813803,0.07305173084403277
Mean: 216.85783333333333,-344.51433333333335,4192.676333333334,-134.791,37.7305,-847.9318333333333,25.501333333333335,-33.42483333333333,68.62533333333333,10.357
Variance: 21.67590128910464,16.25216991721759,38.478319608443854,33.120505750959246,29.891518336389314,54.78698446957702,635.162858698672,296.02768792020885,249.30884302939376,0.22958926487747663
Mean: 216.38916666666665,-343.4698333333333,4192.875666666667,-132.22266666666667,40.44083333333333,-851.4846666666666,23.9105,-36.3595,68.3125,10.994833333333334
Variance: 20.749507556817676,15.506007640157904,37.250416291000484,30.01242162582576,28.46757723509478,56.028102906073386,651.1536820303385,290.48434047341226,251.59444282380397,0.006140995721518559
Mean: 216.375,-342.5695,4192.602166666667,-130.09616666666668,41.961666666666666,-852.8228333333333,19.463666666666665,-39.001333333333335,67.43,11.219666666666667
Variance: 20.63648108018003,15.705120603428977,37.50714649544455,33.83855839862309,30.508615324776393,56.189143496089066,650.7187996888371,279.30388220258936,250.68988164694142,0.17144179585486277
Mean: 216.62966666666668,-341.7038333333333,4192.735333333333,-124.2355,42.25233333333333,-855.6375,24.481166666666667,-43.861666666666665,66.88816666666666,11.931333333333333
Variance: 21.2947356781675,16.438525059736257,36.06029493837759,31.839679696615942,28.209362782686043,59.3586535255876,686.4330508140246,291.4774434627994,256.79445904873063,0.06396221592487135
Mean: 216.59766666666667,-341.14916666666664,4192.443666666667,-122.76016666666666,41.90083333333333,-856.7505,54.480333333333334,-47.69683333333333,65.80216666666666,11.999833333333333
Variance: 21.011963216090802,16.668360698996118,36.50291037428357,29.273525559816743,27.85364157915212,56.100933238851525,732.9277678501971,304.52267708506974,256.557454881369,1.6666666666211277E-4
Mean: 216.70066666666668,-340.47933333333333,4192.199,-120.9955,40.505,-853.8631666666666,86.36483333333334,-57.41916666666667,64.763,12.002333333333333
Variance: 20.901216424958154,16.05391520809225,37.701682613300946,28.73826946157687,29.918628104684053,54.85225201416143,710.498479718842,307.62907081735864,252.249539256543,0.002328276935044833
Mean: 216.53383333333332,-340.2608333333333,4192.008333333333,-119.19766666666666,40.760333333333335,-854.9075,108.60716666666667,-31.237333333333332,61.10366666666667,12.2135
Variance: 21.605122826023486,16.225503556150898,36.9184169575341,28.12461532477757,29.96922142579307,53.95160235045532,846.7673098571993,865.7212931044062,297.5945189753847,0.1679457409568291
Mean: 216.62166666666667,-339.8951666666667,4191.607666666667,-117.469,41.86333333333334,-857.6568333333333,86.38266666666667,5.012,51.3395,12.852
Variance: 20.03653664499705,16.529931627485947,38.2371140734556,27.912691115185428,28.78845363116079,56.786867783494465,733.5681609157078,305.7401460243374,252.38797107851312,0.1261170195032507
Mean: 216.92666666666668,-339.5555,4191.003166666666,-114.81083333333333,42.77433333333333,-859.1713333333333,58.43366666666667,12.737,48.541666666666664,12.998
Variance: 42.918775351450115,44.67769936655616,40.59525584840719,28.28776393287787,29.529329443796303,54.16733944545211,841.5951990887372,349.12635205867645,274.5390203922877,0.0019963327221243898
Mean: 216.65166666666667,-339.785,4192.936833333333,-112.85383333333333,42.352333333333334,-859.0018333333334,10.097,18.564166666666665,38.80016666666667,13.009166666666667
Variance: 21.022167583488788,17.412010335051868,41.720129993284196,29.999135161416394,28.945352114241178,54.42123351118568,676.1652852142024,303.4841299938879,264.2296049063732,0.009084152914377206
Mean: 216.024,-339.7968333333333,4197.895833333333,-111.13183333333333,42.398,-858.762,5.546166666666666,14.768333333333333,37.735166666666665,13.468833333333333
Variance: 20.96691848641933,15.8168594488046,34.44005598070463,30.77524918041829,29.871907984664013,54.24439673273538,634.5192885203089,303.67560982385953,260.6808101072402,0.24907015058065118
Mean: 215.87133333333333,-339.549,4198.469166666667,-111.27083333333333,41.81283333333333,-858.9145,2.4976666666666665,16.02316666666667,35.60033333333333,13.9615
Variance: 20.876257598489538,16.898748791462225,34.52780394022376,33.74577360115492,28.70825334778017,52.04553067181424,650.8698061899206,298.7077479302106,261.88624759682176,0.03702392065344131
Mean: 215.543,-339.524,4199.339833333333,-109.53816666666667,41.400333333333336,-859.529,0.7331666666666666,17.141166666666667,35.503166666666665,13.999833333333333
Variance: 21.20201800300352,16.011425904322316,34.99584594665517,30.027214507973977,29.064243929543856,53.15968561434789,651.4655442295938,301.0294102072568,262.2930388120243,1.6666666666211277E-4
Mean: 215.42333333333335,-339.5486666666667,4199.976833333333,-107.42416666666666,41.17333333333333,-859.6485,0.21766666666666667,18.037,35.98116666666667,14.006833333333333
Variance: 20.97161749180684,15.55422392621162,35.02846804983041,29.6985323942886,28.836094904706194,53.030786214301656,663.5988877035062,304.4030315052509,265.5057295938213,0.006787770183910331
Mean: 215.1115,-339.37583333333333,4200.2985,-107.4905,41.327333333333335,-859.5958333333333,-4.7755,20.2955,33.89033333333333,14.127666666666666
Variance: 20.472146441070493,15.520836111564877,32.408465828492574,29.65018478079644,29.514438628660432,57.164676751627844,653.9207532088681,305.9855106684447,260.41170850697335,0.1113864532977704
Mean: 215.04666666666665,-339.16133333333335,4200.646166666666,-108.4455,40.818333333333335,-859.1106666666667,-3.7451666666666665,21.487666666666666,33.653166666666664,14.611166666666668
Variance: 20.842629327110735,16.23000989053265,31.721922291817517,29.135552342056453,28.53742012557634,52.24546046558272,645.2481013224426,300.54627226760016,248.9820369783853,0.23768158581984686
Mean: 214.99183333333335,-339.0303333333333,4200.755833333334,-106.3785,41.91016666666667,-858.7615,-5.652333333333333,22.382166666666667,33.659333333333336,14.972333333333333
Variance: 56.16746121575424,39.395645829851894,36.68799730578469,28.233276629437007,28.543853947880056,54.14797574596656,661.6123966216592,309.13030368950376,275.56754081235766,0.026905706506630784
Mean: 214.8585,-338.8833333333333,4200.724166666667,-107.31383333333333,41.031,-857.2573333333333,-5.841,22.52,32.09766666666667,15.0
Variance: 33.80844582430739,20.739178752020848,32.57817900222547,28.202375701505517,29.54562993832293,53.60237995213838,671.795018169695,306.84574095682615,265.17599055398125,0.001666944490748458
Mean: 214.7505,-338.626,4200.9555,-105.55316666666667,42.83983333333333,-860.141,-2.5748333333333333,23.5425,31.9525,15.029833333333332
Variance: 21.290798216367648,15.903774629097857,32.49626912814733,28.146531060731725,30.672625409790374,55.82875712614573,677.7940323109407,306.5012772962161,258.2382834639107,0.02894813024391102
Mean: 214.52283333333332,-338.578,4201.096833333333,-105.11783333333334,42.8735,-858.7256666666667,-2.6655,23.131666666666668,32.33266666666667,15.258833333333333
Variance: 20.36820667333296,15.947907317894899,32.36818467038614,29.260825443129217,27.777460660110115,54.58950613991263,648.7170625937656,305.1718591987554,261.395565483136,0.19187061732512567
Mean: 214.60433333333333,-338.49733333333336,4201.207333333334,-104.51866666666666,41.9975,-860.4618333333333,-1.551,24.076166666666666,32.9415,15.668
Variance: 21.417017391789535,17.09517541812408,33.3562389284119,31.273863866199928,28.348551841973723,57.49579260432337,655.9910641773629,304.3840959882202,250.94356834472413,0.2218129688281312
Mean: 214.4855,-338.3713333333333,4201.462833333333,-103.76633333333334,43.21516666666667,-859.8726666666666,-1.5926666666666667,24.86616666666667,32.819833333333335,15.925666666666666
Variance: 20.399856392731962,17.569373117742746,33.05346088310861,30.372461965883556,28.13555923209419,57.43402522650336,630.3358021892537,318.16561624159584,261.0205433961216,0.0688193587820007
Mean: 214.46116666666666,-338.34366666666665,4201.5175,-102.30716666666666,43.661,-858.707,-5.793833333333334,24.50583333333333,32.69733333333333,15.992666666666667
Variance: 21.407393204418693,18.371288436952284,32.92018044775855,29.679095154748317,28.64118586431063,56.04982597101806,659.2318672834361,309.96929418792024,263.90104306273264,0.007280769017052292
Mean: 214.32,-338.14383333333336,4201.838333333333,-102.41366666666667,44.39833333333333,-855.3093333333334,-6.834833333333333,25.5365,33.23133333333333,15.999166666666667
Variance: 20.813402233709592,17.369706923374636,33.11171584169871,29.411115074734237,27.88797855198074,54.918465966601275,672.7386764182919,300.12035447574596,254.9459758848697,8.32777685172338E-4
Mean: 214.283,-338.10316666666665,4201.9155,-101.81983333333334,45.489666666666665,-852.6225,-5.902833333333334,24.5435,34.1015,16.000166666666665
Variance: 21.81888081347233,20.751981969216722,32.600126436579764,28.4847874367949,28.97272200922364,60.646101433508676,666.9148777851864,308.81424345724287,260.9926965327554,1.6666666666211277E-4
Mean: 214.19766666666666,-338.04633333333334,4201.933,-101.98516666666667,45.55616666666667,-856.4881666666666,-2.388,25.580166666666667,32.773833333333336,16.0005
Variance: 19.817897538479855,15.515105739854379,33.879157525298,28.423683919541627,29.482759098738622,51.7851574984088,629.9907877979663,311.4758192754348,255.1168681169084,4.998333055487518E-4
Mean: 214.18733333333333,-337.86983333333336,4201.969333333333,-100.34033333333333,44.52466666666667,-854.9323333333333,-0.619,25.3895,32.596,16.00733333333333
Variance: 21.63284502972919,20.55398230261357,32.575488803187575,29.488421292438083,28.094407290103828,54.676867366771056,651.9108241373563,300.4875376729455,249.90976896149357,0.007280769017052292
Mean: 214.158,-337.85783333333336,4202.0305,-101.70566666666667,43.14216666666667,-855.7103333333333,-2.833666666666667,25.925333333333334,32.204166666666666,16.049166666666668
Variance: 21.259245874315802,19.737911624160482,32.95506226084474,32.009036061565894,29.18815333111071,53.336982719420114,635.5619268767017,314.1007750180586,254.87662874367945,0.04675709840529236
Mean: 214.138,-337.64683333333335,4202.1295,-97.21683333333333,43.595666666666666,-854.6523333333333,-3.0965,25.7095,32.140166666666666,16.171166666666668
Variance: 19.57388498083038,15.604040645662796,32.90654750696161,29.361043479469323,27.628452630993955,57.81876434956338,642.7586475245874,297.25998641440236,254.090201672501,0.14189228760349454
Mean: 213.89733333333334,-337.6401666666667,4202.263,-97.7305,43.8225,-855.4836666666666,-4.345833333333333,25.992166666666666,32.00416666666667,16.3715
Variance: 19.269337778519464,15.37291545813472,33.91114952365922,28.563963743957864,27.974656192698845,53.29094838023007,658.2312711840863,306.8452461799189,254.79861574151244,0.2335266711118619
Mean: 213.9485,-337.6646666666667,4202.427333333333,-99.45,44.693333333333335,-857.9828333333334,-5.4405,26.263,32.562666666666665,16.596
Variance: 19.188045757624444,16.114904039560667,32.56714741407504,30.910651775295882,27.362849363782708,54.80200563984963,681.0182961326888,312.10051441906984,252.31879268767017,0.24082413735621114
Mean: 213.85733333333334,-337.5883333333333,4202.354333333334,-97.36166666666666,43.2355,-855.2088333333334,-4.033666666666667,26.7365,31.694,16.826166666666666
Variance: 19.999979552149195,15.924851364106969,32.16780919022393,30.783994554647418,28.941530005000985,55.46579960541519,645.8545089737179,309.2979507417902,254.12571828638113,0.1436392454297958
Mean: 213.931,-337.5375,4202.1245,-98.56566666666667,44.2365,-856.3316666666667,-3.1341666666666668,26.919833333333333,33.34466666666667,16.9425
Variance: 46.48065244207622,22.32464785797633,32.89114827548569,30.29473701172455,30.890049424904234,54.862474301314826,653.6891141579151,315.5616669167084,260.6973211090738,0.05420278379731507
Mean: 213.76916666666668,-337.62,4202.185666666666,-99.33966666666667,45.52166666666667,-855.4213333333333,-4.774666666666667,27.79,35.809333333333335,16.987666666666666
Variance: 28.008884119578134,15.931921987001807,32.8530033885449,28.938116241596077,29.188061899205465,52.83895138077467,649.5551507473468,308.45830971828644,256.3023632827694,0.012183252764368347
Mean: 213.70733333333334,-337.62083333333334,4202.484166666667,-99.428,46.35366666666667,-856.9503333333333,-4.834666666666666,27.646166666666666,34.44916666666666,16.997666666666667
Variance: 18.452755014724307,15.075911957555103,32.18478010240883,27.61608534755757,30.19228526976709,53.24840795685796,675.0821785853198,302.821438878702,260.1404393787854,0.002328276935044833
Mean: 213.60466666666667,-337.538,4202.336833333334,-100.57583333333334,46.63033333333333,-858.1475,-2.6306666666666665,27.509,34.3965,16.999333333333333
Variance: 25.617981219096947,16.90103950657871,32.676822774905844,28.242956464965804,28.456756014891365,53.43531630265353,656.4359988887037,309.63852542090353,264.4690325887648,6.663332777732779E-4
Mean: 213.58133333333333,-337.5885,4202.446,-99.8405,43.755833333333335,-859.9865,0.12283333333333334,28.223333333333333,34.4355,17.0
Variance: 32.60248530310459,17.375396982831425,32.501834305351345,28.346450825136916,27.461126159915395,55.29520028335767,637.5246660832361,310.0081235761516,261.07068486414397,0.0
Mean: 213.623,-337.6265,4202.1575,-103.8985,44.277166666666666,-856.5673333333333,-0.223,27.702833333333334,34.285333333333334,17.0
Variance: 29.87585030838656,15.487245624274845,31.05386939591657,28.43193640606734,28.7254662165916,62.15382519315175,652.9490958493083,312.1415488970384,257.0774311274101,0.0
Mean: 213.55283333333333,-337.68533333333335,4202.525166666666,-102.41783333333333,44.687333333333335,-853.2481666666666,-5.009833333333333,28.265833333333333,33.632,17.000333333333334
Variance: 19.32476276601428,15.227522809359606,31.70498413553952,30.15494112907762,29.58617058398637,54.43798630331771,651.4639806356615,307.9171521642496,248.20927754625774,3.3327776849875946E-4
Mean: 214.0405,-337.6635,4202.291333333334,-101.75883333333333,44.7835,-855.3818333333334,-4.585166666666667,28.870333333333335,34.62083333333333,17.006833333333333
Variance: 82.48327362894078,73.06811243541082,39.764085569030385,29.063182502639734,31.039467661276866,53.57729952214936,735.0249174584653,302.60828793687836,286.3774622159248,0.006787770183910331
Mean: 213.71183333333335,-337.3905,4202.288333333333,-105.81883333333333,46.855333333333334,-859.5738333333334,-2.9955,29.894166666666667,34.270833333333336,17.1445
Variance: 98.90794462966092,65.16420378397258,38.226901706009436,34.13970192254166,30.52349213757842,58.68632969376961,711.9004631605267,314.47937920208926,273.03132119242093,0.12364035672611419
Mean: 213.41933333333333,-337.19716666666665,4202.389833333334,-108.9905,44.75483333333333,-858.5613333333333,-3.011,29.198166666666665,34.51866666666667,17.236666666666668
Variance: 29.804793687835694,16.688406706671056,31.775492555440554,30.929231288547733,27.506644412957765,53.06174851370009,653.9015292548759,305.2464377118408,264.0226553314441,0.18068566983386378
Mean: 213.29733333333334,-337.3515,4202.3945,-105.658,43.73416666666667,-857.0391666666667,-4.867,29.909833333333335,34.99516666666667,17.2505
Variance: 19.742216591656973,15.791913068837017,30.54095991096172,27.596635439239567,27.04734052897709,56.234004973093455,641.4165470911819,307.94969492137574,268.6132455131411,0.18778104684113803
Mean: 213.29433333333333,-337.5971666666667,4202.404666666666,-105.97083333333333,43.24966666666667,-860.337,-2.8745,29.866,33.88966666666666,17.2765
Variance: 29.294250263931712,18.37528785353284,30.273957214508084,28.341706256597494,27.639606489970532,52.41616702791173,667.0309215702617,310.9618709784965,271.28237361782516,0.20008109684946312
Mean: 213.30216666666666,-337.5055,4202.358,-104.19783333333334,45.174166666666665,-860.4868333333334,-4.216333333333333,30.126,33.825833333333335,17.311333333333334
Variance: 18.45627135078119,15.861279963334216,31.12168961601429,29.071540562316446,28.79229802189258,58.38189028723873,648.0232037561816,318.9206107684614,263.661776268267,0.2144406289937309
Mean: 213.28716666666668,-337.4836666666667,4202.362666666667,-102.27233333333334,45.01583333333333,-861.5141666666667,-4.343333333333334,29.2925,34.772333333333336,17.359
Variance: 20.46077876868775,16.87087836862107,30.834611989673245,33.24637561815816,28.383313191087446,53.27667875205662,645.6507306773351,308.0496186864477,253.6011014057899,0.23015735955991332
Mean: 213.25216666666665,-337.5058333333333,4202.285333333333,-106.25433333333334,47.39333333333333,-858.4808333333333,-4.2475,29.857166666666668,34.1535,17.4405
Variance: 19.534167666835852,16.997465549816507,30.952743680343207,32.37937778518645,28.69040395621478,52.798765766559036,660.7627042007001,310.19879843862867,256.5186908651442,0.24650083347224475
Mean: 213.25233333333333,-337.3785,4202.330833333333,-107.839,43.23283333333333,-858.594,-2.9883333333333333,29.94483333333333,33.96933333333333,17.531166666666667
Variance: 20.71544713007448,17.14376171027885,31.971711258110076,26.06742357059625,29.289503556148215,54.70028071348658,656.0345363116074,318.3461810023893,266.280439628827,0.24907015058065118
Mean: 213.32516666666666,-337.5145,4202.169333333333,-105.82333333333334,42.4155,-863.8015,-3.099,30.076166666666666,34.667,17.639833333333332
Variance: 20.646874451293492,16.460533172195206,30.7574524648151,29.538378618658832,29.703810385064315,56.19212977165658,648.0972152025338,306.2207354281269,257.5697059509919,0.2304850530643842
Mean: 213.20466666666667,-337.4483333333333,4202.149333333334,-103.99,43.99016666666667,-861.1963333333333,-3.1496666666666666,29.998,34.92933333333333,17.7265
Variance: 25.607379452131813,17.822300939048045,30.515785518696475,30.563993998999585,28.494485719842334,51.29133511146002,670.1322886036562,300.01566527754625,260.0696845029727,0.19873087181198015
Mean: 213.21733333333333,-337.5055,4202.250333333333,-103.53683333333333,40.074333333333335,-861.4246666666667,-3.354833333333333,29.875,34.823166666666665,17.818
Variance: 18.888580985716292,15.48955134189731,30.05267533399121,29.90762791020669,27.872786686669865,55.26120175582446,623.5615202255932,305.03521420236706,262.9107150914041,0.14890081680280917
Mean: 213.045,-337.44683333333336,4201.976333333333,-105.26616666666666,40.843666666666664,-860.6878333333333,-3.2808333333333333,29.343666666666667,34.9925,17.872166666666665
Variance: 21.46388564761191,25.458082986048886,32.50885803100566,27.712940795688326,30.348951380785568,55.77968191921681,678.175995304773,301.02873134411294,259.45268586431064,0.11151055731511159
Mean: 213.14083333333335,-337.4245,4202.246833333334,-104.79366666666667,42.75183333333333,-860.5221666666666,-3.151,29.293,35.997166666666665,17.919166666666666
Variance: 23.254875118075898,22.86744432404431,31.17710282290294,27.334648997054824,32.936736094904624,56.533597571787425,675.0967151191866,316.45722720453415,257.0236625826526,0.07431169083737213
Mean: 213.1745,-337.39416666666665,4202.183166666667,-104.17233333333333,38.57716666666666,-861.4965,1.8406666666666667,29.483,35.65566666666667,17.9455
Variance: 22.54747432905508,22.701249513810506,31.63088845292575,28.167995888203915,29.70599630493984,50.871466327774705,666.191978218592,315.4509528254709,254.51452030894035,0.05153833972327417
Mean: 213.058,-337.28433333333334,4201.9625,-106.65966666666667,42.644,-861.1193333333333,1.5448333333333333,29.751833333333334,36.5925,17.972166666666666
Variance: 22.723423237203658,21.03766083236455,30.37148899816636,28.049181419124622,29.921584264044128,52.408160915651365,650.7687847696839,305.714532394288,270.3445011668611,0.027063149413779183
Mean: 213.064,-337.2835,4202.190666666666,-105.97216666666667,41.4735,-861.1751666666667,1.5773333333333333,29.031666666666666,35.17933333333333,17.986333333333334
Variance: 24.237276879484046,23.045635355892014,31.459222759559047,30.889540228926254,31.110816219369806,52.37021167422557,662.4237568483636,300.3000472300939,262.9900045563149,0.013482135911542778
Mean: 213.048,-337.3673333333333,4202.1745,-100.91283333333334,45.161,-861.1275,2.0818333333333334,29.456,35.38933333333333,17.9915
Variance: 31.506613768961333,20.430804689678872,31.528971243945932,31.17343087736806,27.185609934989074,52.684024420673204,647.8987864366283,310.6188338056342,268.03075801522476,0.00842915485913605
Mean: 212.9955,-337.1605,4202.116666666667,-102.29666666666667,45.154833333333336,-859.4843333333333,2.227,29.2965,34.425666666666665,17.996833333333335
Variance: 18.87462552091761,15.335629021511373,31.188586985872156,30.746780018891457,27.555785936544844,54.70020458964154,648.6112395399233,323.12877587931314,257.2616848363616,0.0031571650830555316
Mean: 213.105,-337.3401666666667,4202.2375,-104.543,44.78666666666667,-861.755,0.6708333333333333,29.367333333333335,35.5975,17.997166666666665
Variance: 18.122662110355698,14.865264182926158,30.682207451241872,28.144841806968365,27.579418792020935,52.119994999230116,644.2821963382786,311.54132310940713,265.1346828638107,0.0028257765183121258
Mean: 212.92866666666666,-337.35016666666667,4202.153833333334,-105.6185,43.759166666666665,-863.063,0.787,29.2345,35.898,17.9995
Variance: 17.89589420459254,15.203417208417692,30.66361257556598,28.9391142690449,28.54158957048401,51.87667711283052,671.3405210868477,315.179706367728,258.7483873978997,4.998333055487518E-4
Mean: 212.96783333333335,-337.22583333333336,4202.013,-104.734,44.741166666666665,-860.5055,1.8865,29.158666666666665,36.81733333333333,17.999333333333333
Variance: 31.170660415626124,22.727287186744075,31.76379163067705,30.98807534589124,28.502255681502564,55.33819278205787,651.4888658943157,301.85113341112407,272.12698738678677,6.663332777732779E-4
Mean: 212.897,-337.2223333333333,4202.231333333333,-103.61633333333333,44.1785,-856.9105,1.7101666666666666,28.633166666666668,37.048,18.0
Variance: 21.609659276548715,18.51398688671012,32.066829360272614,31.091981885869973,27.51955767627945,51.91614244047414,646.1131821692504,320.80206698338606,259.4179323220537,0.0
Mean: 212.91383333333334,-337.1705,4201.929666666667,-103.39583333333333,42.873333333333335,-859.9873333333334,1.4681666666666666,29.683666666666667,35.80866666666667,18.0
Variance: 23.80404264599229,20.195795715958063,34.603820526077264,29.68342987720217,28.03096071567469,58.141529810549834,663.5779162916041,310.06461065733185,259.98905639828865,0.0
Mean: 212.961,-337.2633333333333,4202.118,-105.394,45.5975,-861.2568333333334,-2.4525,29.691833333333335,34.86633333333333,18.0
Variance: 23.91146424404282,19.88363616157321,32.838549090457136,27.927751958659588,28.919313635605995,50.370265016398406,687.1189302383731,309.83250538978723,257.99513241095735,0.0
Mean: 212.91966666666667,-337.1215,4201.9255,-105.27133333333333,46.090333333333334,-859.7308333333333,-2.7841666666666667,29.887833333333333,36.470166666666664,18.0
Variance: 24.211248430297225,18.007072262037475,34.10463385590714,28.22074834694662,28.4835871534146,52.6058169417549,679.885896955048,317.1717806023226,263.7497349280436,0.0
Mean: 212.9525,-336.95933333333335,4201.926666666666,-108.63283333333334,46.44083333333333,-857.7381666666666,0.20783333333333334,29.984166666666667,35.09433333333333,18.0
Variance: 42.17827346223973,31.2725583152744,38.293004390298776,29.899671917541223,29.83913916208261,58.09162524303291,669.7069231260765,317.5795125576485,261.821071400789,0.0
Mean: 212.79883333333333,-337.0278333333333,4201.745833333333,-110.35283333333334,46.49133333333333,-859.0105,-1.3265,30.711833333333335,35.73283333333333,18.0
Variance: 24.35642470967116,17.647333194422988,33.4611428285126,28.45808498638633,28.069269767183524,50.78985472579145,668.9767272045341,316.43019833861194,267.3220089737178,0.0
Mean: 212.97016666666667,-336.98066666666665,4202.012166666666,-109.39433333333334,46.25833333333333,-858.6741666666667,1.7513333333333334,29.9215,36.57,18.0
Variance: 25.158469717171535,18.184656998379506,33.97968191893066,27.689782852698492,27.72321775851541,54.66377660166643,650.6132671000722,305.28921928654773,262.31315219203196,0.0
Mean: 212.98966666666666,-336.9413333333333,4201.925,-107.51583333333333,44.9745,-859.213,1.84,30.315166666666666,37.6945,18.000166666666665
Variance: 25.56148680335662,18.442631994213418,33.66031838639773,39.843389870534644,28.034855559259928,56.35168961497779,667.7343557259543,315.4420769850531,265.4030702617103,1.6666666666211277E-4
Mean: 212.9285,-337.0138333333333,4201.9925,-105.07716666666667,44.89833333333333,-858.214,1.2206666666666666,30.049,37.22516666666667,18.000333333333334
Variance: 25.0622314552423,19.925629577153444,33.53770003435631,29.201078818691514,27.765624826359804,52.76233105517205,682.2423466133245,305.07411135189193,262.9119519642162,3.3327776849875946E-4
Mean: 212.87116666666665,-336.9988333333333,4201.906333333333,-105.93966666666667,43.778333333333336,-857.2111666666667,2.1686666666666667,30.430333333333333,36.47416666666667,18.000666666666667
Variance: 25.239441879204183,20.922319025392433,33.76985486401461,27.547951214091245,28.55262265933215,54.10092545986414,650.3829487136745,315.1766760015558,259.11318483636165,6.663332777732779E-4
Mean: 212.84083333333334,-337.03683333333333,4201.926,-104.324,41.484,-856.8938333333333,1.1001666666666667,30.1545,35.196,18.002
Variance: 24.914651747514135,18.960636745017457,34.89267277832845,28.966518419736833,27.442651108518035,53.19876176592787,654.0251374951381,322.620066427738,262.31830371728614,0.0019963327221243898
Mean: 212.81816666666666,-337.046,4202.0365,-103.77783333333333,42.3275,-858.2186666666666,-2.582333333333333,30.453833333333332,34.61366666666667,18.001833333333334
Variance: 24.432842112577127,18.84569161527255,34.10185139193935,28.584239345446917,29.440150441740354,54.6592947713016,647.7855188086903,316.6623123576152,256.55250530644,0.0018302772684259691
Mean: 212.78883333333334,-336.9293333333333,4202.020333333333,-102.59716666666667,42.20916666666667,-857.8561666666667,-1.3896666666666666,29.9675,36.898833333333336,18.004166666666666
Variance: 24.18727318441536,18.078352614330598,33.056429293696574,30.68867341779231,29.620686086570025,54.97164057906339,658.7626203256098,314.98494124020664,260.13228735344785,0.0041499972217462445
Mean: 212.68366666666665,-336.9911666666667,4201.8623333333335,-102.11116666666666,41.3535,-855.1415,-2.9126666666666665,30.553333333333335,36.29833333333333,18.006166666666665
Variance: 23.77356214924919,18.59652139244725,34.06272501054456,31.213344196255385,29.945195282547225,53.78177471243554,663.0202095904873,305.66476634994723,259.3332194254598,0.006129660498986437
Mean: 212.748,-336.9245,4201.814666666667,-104.93833333333333,43.448,-855.086,2.2596666666666665,30.9035,35.501666666666665,18.0085
Variance: 23.672108018004828,17.714418819793604,33.313537144903385,31.21306606656607,26.823099849975087,52.96209768287975,662.055915874868,307.4230915985998,256.5560899038729,0.00842915485913605
Mean: 212.7325,-336.9835,4201.769,-104.95466666666667,44.239333333333335,-856.0776666666667,2.7745,30.481333333333332,35.50633333333333,18.016166666666667
Variance: 23.762570845144833,17.69584372395733,33.0941546923877,29.18147513474434,29.90503706173249,53.08114808017879,643.3645438406402,322.9038021892538,257.8279312107573,0.01590795688170292
Mean: 212.76016666666666,-336.85333333333335,4201.815166666666,-106.29816666666666,44.03483333333333,-857.3441666666666,-1.9526666666666668,30.207,36.13133333333333,18.023666666666667
Variance: 24.070325026394507,18.795954881359844,32.95682944431168,30.18596096571574,27.390518391954167,54.94487345117314,672.824230260599,309.27569694949165,259.5980178918708,0.023110407290107424
Mean: 212.74866666666668,-336.9298333333333,4201.8341666666665,-105.21116666666667,43.7915,-861.2568333333334,-2.1073333333333335,30.6705,37.012166666666666,18.032166666666665
Variance: 24.587929543812567,16.745034144588026,33.81030102256219,30.395307856864495,29.841668028004715,53.955529227100186,664.6025799855531,307.8235670111685,260.20471942545976,0.03113716174919791
Mean: 212.49016666666665,-336.87516666666664,4201.697,-106.50133333333333,46.2575,-858.827,0.3915,31.039,37.69583333333333,18.03933333333333
Variance: 23.353128827031522,17.19544921375986,32.73931421838535,27.669943212757392,29.352419153192137,55.345628604707684,683.2000944324054,309.7227661276879,258.36604364616335,0.03779252097571828
Mean: 212.56233333333333,-336.8186666666667,4201.851833333333,-105.7575,44.832166666666666,-860.285,1.42,29.669,36.745,18.0565
Variance: 23.793413457800536,18.46886303272222,35.26709115368105,33.53394940823495,29.661275518141846,56.761235205804056,647.1157859643274,315.70105584264036,256.4807217869644,0.05331663610601518
Mean: 212.56566666666666,-336.77366666666666,4201.879333333333,-101.0545,43.5805,-860.7315,1.9903333333333333,31.304833333333335,37.507,18.081166666666668
Variance: 23.54061132411119,16.951265099744514,33.15863266029364,30.185227287880757,30.64496057676277,50.924895232509506,649.2521152414291,302.200276685003,262.1153035505918,0.07459107073401784
Mean: 212.42983333333333,-336.70916666666665,4201.738333333334,-98.9565,44.481,-860.4155,2.106333333333333,30.437833333333334,36.40416666666667,18.094333333333335
Variance: 24.225780935709945,18.186947130067963,33.13938712024514,28.084288464743935,29.105156526087804,52.80432713780925,646.988191254098,314.70791995888203,269.5494075401455,0.08544879702170886
Mean: 212.5465,-336.6381666666667,4201.894833333334,-101.465,42.767,-863.6715,2.148,30.583166666666667,36.873,18.132166666666667
Variance: 24.538927571259652,18.668688086911747,33.27298546950208,30.052783797299302,29.295926987831432,57.818224120644814,651.7753918986498,313.2786297438462,256.9110228371395,0.11471775851531008
Mean: 212.591,-336.7411666666667,4201.853,-101.3805,42.950833333333335,-860.2831666666667,1.7835,29.650833333333335,37.9055,18.163333333333334
Variance: 25.397951992000415,19.387736594981007,33.37562026888514,28.681166611101393,28.890897788520352,55.0691614991964,680.937450658443,313.3634765516475,264.10758768128034,0.1366783352781045
Mean: 212.82333333333332,-336.5226666666667,4201.7545,-101.86183333333334,43.28666666666667,-859.5731666666667,-1.064,29.66583333333333,36.44983333333333,18.229833333333332
Variance: 67.03862866033492,63.552411624164776,38.658339472289164,27.835715924876048,27.640428960382327,52.105330860680354,710.2362767127854,310.2492075068067,273.7621103239429,0.17703947880202733
Mean: 212.603,-336.53183333333334,4201.840666666667,-102.3705,41.776666666666664,-864.6118333333334,-1.2733333333333334,30.192666666666668,36.817166666666665,18.3305
Variance: 24.92421170195295,19.456562732672527,33.89126143317994,31.916549174862418,28.266166583319297,54.41689612154445,660.1669833861199,310.2709247096738,254.71752489303773,0.22130663443908963
Mean: 212.95283333333333,-336.42266666666666,4201.748666666666,-99.31,43.5185,-862.0835,1.7196666666666667,30.103166666666667,36.47816666666667,18.386166666666668
Variance: 51.46118550314309,43.21222159248091,35.49608090250149,28.692348724787216,27.532246457742893,54.66863918988024,679.4929953881202,312.64463074401283,276.71864307940206,0.2370814858032007
Mean: 212.72333333333333,-336.55133333333333,4201.772166666667,-98.23566666666666,44.792,-860.0836666666667,2.1698333333333335,30.0475,35.87116666666667,18.482166666666668
Variance: 25.886436628329594,18.505449130408344,33.72187895217644,28.210162916042037,27.95072778796454,55.03317208424431,649.8542990220592,314.8500520920154,259.05541120742356,0.24972359282101217
Mean: 212.557,-336.506,4201.8741666666665,-98.89666666666666,43.43866666666667,-862.2451666666667,3.3341666666666665,30.9075,35.217166666666664,18.572333333333333
Variance: 24.307135522584158,18.42770195033157,32.703449880705215,29.019158748679757,29.352130243929476,56.84786795027794,674.7499576318274,313.6202137856309,255.85431435794848,0.24480869033726146
Mean: 212.65866666666668,-336.5808333333333,4201.738833333334,-101.3795,44.49366666666667,-864.992,2.8926666666666665,29.855166666666666,36.23083333333334,18.600833333333334
Variance: 25.639098071897003,17.46437670167515,32.2476665829396,27.890461493582205,28.524380618991998,55.27248141359818,656.09682902706,309.7991564983052,257.28809732177587,0.23987261765850124
Mean: 212.65616666666668,-336.63,4201.9591666666665,-98.53683333333333,43.5225,-863.0058333333334,3.372,29.889166666666668,38.24333333333333,18.643333333333334
Variance: 25.91259740512358,19.90041673612666,33.28571359132365,29.405877618491402,28.760620520086743,55.35402497642735,676.1896476079346,321.52413666166586,265.9147746846695,0.2294938045229864
Mean: 212.628,-336.48783333333336,4201.7645,-97.94833333333334,43.88016666666667,-861.9533333333334,2.3555,30.022333333333332,37.748,18.677833333333332
Variance: 25.098465744287378,20.19288411957559,33.63797941238091,31.168525309774015,29.530061649163876,54.959982219269364,671.2683311385231,303.3393911207424,266.63993598933155,0.21841170750681796
Mean: 212.58766666666668,-336.5391666666667,4201.7115,-98.87233333333333,43.90233333333333,-859.7341666666666,2.5865,29.980333333333334,36.862,18.718166666666665
Variance: 24.610749680502334,17.72308648663931,32.67738064783258,27.29758415291445,27.50304506306592,55.16869408791414,675.5287725454243,309.0271177418458,265.02779396566086,0.2024370450630491
Mean: 212.6025,-336.38366666666667,4201.601833333333,-99.508,45.097166666666666,-859.0796666666666,1.7345,29.353833333333334,37.471666666666664,18.749666666666666
Variance: 26.504244457405594,18.527221092404396,32.695079151680716,28.578699116518862,29.77235403122757,51.3128720342487,661.8083111351891,308.94412599322106,253.07070900705676,0.18769783852862545
Mean: 212.51266666666666,-336.42783333333335,4201.808333333333,-99.33133333333333,45.21383333333333,-863.0946666666666,1.472,30.676333333333332,36.304,18.7825
Variance: 24.223876868363003,18.09480777351553,32.67737678417188,31.617487803522568,28.47218733677831,54.74649597148256,667.1774122353726,304.2902882702673,267.57284614102343,0.17022212035340775
Mean: 212.46133333333333,-336.3593333333333,4201.646833333333,-102.00766666666667,47.2685,-863.6043333333333,1.0521666666666667,31.087,38.062666666666665,18.818166666666666
Variance: 24.124525643166034,19.07605889871292,32.987937961584095,28.764735344779364,27.821044590765062,58.182144913003334,652.0471198255265,305.7020480080013,254.16976785019742,0.14879477135079477
Mean: 212.45366666666666,-336.3908333333333,4201.769333333334,-99.41733333333333,47.129333333333335,-864.7488333333333,2.3716666666666666,30.985833333333332,37.1585,18.831666666666667
Variance: 25.826490970716254,17.40731719174491,33.30334344715411,30.211534811357375,28.16129977218428,56.73620467305998,640.4012640995721,305.3205193921209,267.65265319219867,0.14002055898206292
Mean: 212.44016666666667,-336.23083333333335,4201.776833333333,-99.607,48.198166666666665,-863.2635,2.561166666666667,29.750666666666667,36.38133333333333,18.852833333333333
Variance: 25.123273851196256,17.534138328612972,32.475775936003984,28.41061943657305,28.56165691504137,58.522154775773075,656.4336642495972,311.4807463466133,266.8137205089737,0.12552956048232164
Mean: 212.6095,-336.27816666666666,4201.835666666667,-99.26566666666666,48.8725,-868.057,2.7798333333333334,30.2015,36.7515,18.891166666666667
Variance: 25.18920795132387,19.198989803859803,34.18902605949869,28.929576151580946,30.62168069678286,50.319470911746144,635.9840239762183,310.91805075845974,264.7848785630938,0.0970048063566154
Mean: 212.56333333333333,-336.2656666666667,4201.833666666666,-99.18533333333333,44.972166666666666,-865.717,1.8051666666666666,30.566333333333333,36.676833333333335,18.910333333333334
Variance: 25.231194087904203,18.616523976225835,33.75495904794354,30.92647263432795,29.926713091070877,54.10126121013557,674.3926054064567,306.8967493471135,259.17425901539144,0.08164016224928591
Mean: 212.3695,-336.18483333333336,4201.7545,-100.403,45.003,-868.4828333333334,-1.8536666666666666,30.994,36.777,18.9255
Variance: 24.35802942156732,17.008171334110074,31.574158775506366,29.978254042339785,30.802124687447986,56.16639970552725,672.7083712841029,312.44037072845475,266.30832238706455,0.06896124354058017
Mean: 212.56883333333334,-336.2486666666667,4201.769166666667,-99.08333333333333,48.17516666666667,-862.791,1.0773333333333333,31.172,36.86383333333333,18.938166666666667
Variance: 24.60336253264086,18.457574484645974,32.85602531045213,29.34661332444338,29.69809965549804,60.19168428063969,675.0221899205424,302.1471071845308,266.49604131244104,0.05801964216258741
Mean: 212.56133333333332,-336.30283333333335,4201.901,-100.8415,46.44116666666667,-861.8241666666667,1.2238333333333333,30.457333333333334,36.88433333333333,18.9495
Variance: 25.83421059065331,18.587556564980773,32.2625760960567,31.412613185531526,28.1859029560482,52.02425334779078,679.1885967383453,316.3899112074234,256.7000712340946,0.04795774295714959
Mean: 212.38933333333333,-336.17566666666664,4201.8715,-99.99266666666666,46.790333333333336,-860.432,-1.7248333333333334,29.996833333333335,37.218666666666664,18.956666666666667
Variance: 24.96057965216348,17.66741912540624,31.86163135496134,28.319332777685048,28.988537978552,54.20307651267964,664.8612601822526,305.4490648163584,255.6694631327444,0.04146246596656033
Mean: 212.4665,-336.188,4201.755833333334,-99.66616666666667,46.31183333333333,-859.7565,-3.3681666666666668,30.373833333333334,36.865,18.961166666666667
Variance: 26.32226479413172,22.382386397731207,32.997382203267605,28.510807106739918,28.545684252930972,52.95303325554514,673.7005700672335,318.1151011557481,265.3940073345558,0.03733152747680521
Mean: 212.36833333333334,-336.1925,4201.795166666667,-101.134,46.11566666666667,-862.9245,1.289,30.532,35.809,18.9705
Variance: 22.081677501808507,20.129465327558567,32.40561090626107,28.846185030838235,30.340678001889206,54.36552733789982,668.3722077012835,308.1460003333888,265.12570661776965,0.028634522420405883
Mean: 212.53316666666666,-336.24916666666667,4201.9175,-103.42633333333333,46.22383333333333,-860.9435,0.007,31.068166666666666,34.921,18.97683333333333
Variance: 32.4113018558629,23.92373659497878,36.55978704885873,29.976235928210464,28.358124993054393,54.652416486147146,694.1826481080179,314.28656773351116,264.0290971828637,0.022633744512935677
Mean: 212.46516666666668,-336.143,4201.972833333333,-102.48616666666666,47.803666666666665,-859.6408333333334,-2.9325,31.227666666666668,35.374833333333335,18.983666666666668
Variance: 18.313505556478482,15.72750558426309,30.725216175759112,28.6015755681507,29.208321275768277,51.95382494305666,658.29966036006,314.0175041395789,257.3398899538812,0.016069233761148678
Mean: 212.42266666666666,-336.05266666666665,4201.697166666667,-99.216,47.246,-859.3785,-2.9896666666666665,31.038333333333334,36.5485,18.986666666666668
Variance: 18.971181419128616,16.331281435789716,30.350517058018784,28.074689781630777,27.992149358226232,55.94656217708292,664.5769893871201,313.77349280435635,258.0153169694949,0.013157748513604938
Mean: 212.57316666666668,-336.039,4201.741,-98.95866666666667,48.00033333333333,-862.314,-3.909,30.870833333333334,35.077333333333335,18.988833333333332
Variance: 28.17534252931166,28.198845474237917,33.06242940616242,28.049966549981153,29.286881035728157,52.321457576227104,696.7871835305884,314.0731614991387,258.54244329610486,0.011043812857670974
Mean: 212.50916666666666,-336.053,4201.882833333333,-97.026,49.90083333333333,-863.3603333333333,-3.2768333333333333,31.408,34.03066666666667,18.99116666666667
Variance: 19.602849780519637,15.077703950663054,30.26748321985956,28.512742790464788,28.023669917208466,53.41006156583094,662.2239006223259,316.0102043673946,260.43046463299436,0.008756765016407559
Mean: 212.48366666666666,-336.1073333333333,4201.671666666667,-99.184,47.6995,-863.155,-3.5311666666666666,31.935166666666667,34.9055,18.994
Variance: 18.07274534645071,14.726267266758363,30.46727510157536,29.616746791131867,27.81150166694448,52.0339806635075,650.3474198755348,320.73208531977554,252.34962802133683,0.005964994165691798
Mean: 212.63066666666666,-336.0878333333333,4201.730833333333,-100.156,45.638,-862.6871666666667,-4.156833333333333,31.493666666666666,35.6525,18.995166666666666
Variance: 17.96191987553762,14.568213341116488,31.027220509652,29.165858309717848,29.14614702450401,51.899618575326166,631.0227404289603,310.0756391620825,260.3404671611936,0.004810774017865583
Mean: 212.51716666666667,-336.01483333333334,4201.883833333333,-100.3,46.001333333333335,-862.9056666666667,-4.739333333333334,32.19433333333333,34.64483333333333,18.995833333333334
Variance: 17.473617575152314,15.58787795187414,31.289220175001496,29.61293548924821,27.65727443462801,52.71555381449963,660.7798495304772,308.70768583652824,254.94784794688,0.004149997221785056
Mean: 212.39566666666667,-335.96733333333333,4201.402333333333,-100.76316666666666,45.257333333333335,-863.1698333333334,-4.5488333333333335,31.505666666666666,34.6015,18.998166666666666
Variance: 18.99161315775053,16.237305773180868,29.585058732119414,29.306961132410635,28.73323509473789,51.86730118913837,652.1293035228093,320.31135311440795,254.17039281546923,0.0018302772684259691
Mean: 212.38866666666667,-335.85883333333334,4201.4383333333335,-99.29,46.26616666666666,-862.7581666666666,-4.711166666666666,31.317666666666668,34.5,18.9975
Variance: 17.94759615491203,15.35879843863751,30.252572651166957,29.243440573428657,28.22535953214409,50.57211199091323,658.5161613324443,310.62085803189416,248.1120186697783,0.002494165694266856
Mean: 212.36733333333333,-335.9815,4201.800333333334,-99.98583333333333,45.00416666666667,-862.5893333333333,-1.3515,31.034166666666668,34.892833333333336,18.997833333333332
Variance: 18.29611557481646,15.292373145514874,30.145824192642948,29.536222009223923,31.028320692337715,55.06853097739826,650.135303633939,314.8118012724343,255.37691145746516,0.0021623326109973446
Mean: 212.44216666666668,-335.8351666666667,4201.778833333334,-100.86683333333333,45.08533333333333,-863.6203333333333,-3.0421666666666667,31.857333333333333,36.198166666666665,18.997666666666667
Variance: 20.079668583651745,16.096346029899063,29.908570068481467,31.30265041395766,28.21608757015065,50.970681669156065,666.7821856698339,305.8779592154249,263.60749788853695,0.0023282769350060216
Mean: 212.42983333333333,-335.94033333333334,4201.696,-101.15533333333333,46.152166666666666,-864.8753333333333,-4.636166666666667,32.0925,36.093666666666664,18.998833333333334
Variance: 18.775872617656937,16.791571817530812,29.319470578063466,28.42760949047069,29.522265683169362,55.38802289271239,635.9131108240261,319.79757667944654,253.82986486636665,0.0011654998055328715
Mean: 212.47833333333332,-335.9268333333333,4201.6405,-100.181,44.9195,-864.5755,-4.885,31.8875,34.93483333333333,18.999
Variance: 19.498446963383447,18.82728451964338,30.033265294581973,29.104756459409963,30.127040923487225,52.26467719620954,660.9559343223871,313.56077054509086,255.21012165916548,9.99166527745932E-4
Mean: 212.43383333333333,-335.741,4201.562,-96.7195,44.547333333333334,-862.9198333333334,-4.422666666666666,31.804,35.41883333333333,18.9995
Variance: 17.969950297272668,15.428490415078876,30.497905651715065,28.363213618936282,27.23896604989722,55.399639912258884,646.6597961882536,300.8713958993165,254.7302003389454,4.998333055875633E-4
Mean: 212.51316666666668,-335.8553333333333,4201.6575,-95.27083333333333,45.90416666666667,-864.37,-3.7436666666666665,31.86,35.21066666666667,18.999333333333333
Variance: 20.73661607489981,19.676684336277578,30.0225308394905,28.684263349447544,29.296532060899143,52.14779129861335,656.7820902372617,307.0689114852476,254.3846836695005,6.663332777732779E-4
Mean: 212.887,-335.59,4201.542666666666,-95.5085,46.5415,-863.634,-0.07683333333333334,31.395333333333333,34.69883333333333,18.9995
Variance: 48.06190798466037,40.599333222199725,32.05152147550308,31.242468161360335,29.23515027504589,52.442451075169025,672.6407034227927,311.4546206589988,266.5322206756682,4.998333055875633E-4
Mean: 212.84816666666666,-335.93416666666667,4201.4705,-97.3435,46.76766666666666,-864.5575,0.22166666666666668,30.6765,35.93516666666667,18.999333333333333
Variance: 18.70356389954202,15.201699588811085,29.51271520310351,27.820477829637834,31.17121642495978,54.19439281553284,653.6761432460966,295.9491726121021,256.7224170417292,6.663332777732779E-4
Mean: 214.23183333333333,-335.3623333333333,4196.621166666667,-97.51133333333334,46.81466666666667,-864.3633333333333,2.127666666666667,16.647666666666666,42.779833333333336,19.202833333333334
Variance: 24.47149855531361,16.44245496472233,84.40771992577376,30.52529243762855,30.405385786519982,53.24519642163642,861.4142702672668,1080.3479192087568,370.2884080402288,0.1730541479135757
Mean: 214.38716666666667,-335.3635,4195.677833333333,-96.53766666666667,46.61516666666667,-863.9243333333334,8.9895,28.026166666666665,40.338166666666666,19.4405
Variance: 102.75139387120086,48.955527004509655,90.92619633789876,28.35063966216619,28.82420734011238,57.61587720172448,869.6036570261709,882.1151678335278,292.508228010224,0.24650083347224475
Mean: 212.9385,-335.5036666666667,4200.7555,-96.76266666666666,45.0635,-864.4086666666667,2.2596666666666665,32.666,38.02033333333333,19.009333333333334
Variance: 18.033389981666552,15.543910540646564,29.95037814580832,28.328394287936657,29.015970411735434,56.48807290101532,649.1974394621326,300.25682013668944,266.18861799188744,0.009247763516143235
Mean: 212.84433333333334,-335.4508333333333,4200.8705,-94.042,44.881,-863.7175,0.4155,32.31466666666667,36.89666666666667,19.000333333333334
Variance: 18.857244096243058,15.625186836685732,31.093578678823587,29.624506751125377,29.562766127687947,54.128048424801044,671.9175126687782,325.2441922542646,265.8566316608324,3.3327776849875946E-4
Mean: 212.61,-335.51116666666667,4201.025833333333,-95.27483333333333,45.989666666666665,-865.4903333333333,-0.8078333333333333,32.19016666666667,36.769666666666666,19.0
Variance: 18.075912652104712,15.266753097736233,30.657942296107784,27.673245513141353,27.513812190920593,54.84238028554126,659.1660996554981,308.6324420458966,262.1509717175084,0.0
Mean: 212.53983333333332,-335.4775,4200.9595,-95.21916666666667,47.2915,-867.0211666666667,-2.395,32.035333333333334,36.6045,19.000166666666665
Variance: 17.870391704168174,14.744951241869671,30.106544172869143,29.00696713341129,29.75548699783302,56.53980860699811,677.628913152192,297.12127176751676,256.08809443240546,1.6666666666211277E-4
Mean: 212.5955,-335.55766666666665,4200.9905,-96.54,45.11066666666667,-865.1361666666667,-2.7351666666666667,31.900666666666666,37.565,19.0
Variance: 18.254255459246625,15.508926043233826,29.451318302399358,27.517319553258627,28.773548480302125,55.76858673661644,660.2957459298772,307.4930483969551,250.0507834639107,0.0
Mean: 212.739,-335.4705,4201.1331666666665,-95.13316666666667,46.977,-868.4815,-2.402,32.22566666666667,37.468666666666664,19.0
Variance: 18.224916486079184,15.233668694775947,29.665710924863617,28.842240345612936,28.5835682613768,55.62392840470487,669.9863937322888,311.35129977218423,258.9751807523475,0.0
Mean: 212.71583333333334,-335.6585,4201.281166666667,-97.001,46.35033333333333,-868.0233333333333,-4.642,32.385666666666665,37.912166666666664,19.0
Variance: 18.139439212091567,14.843685030837838,30.02678310205428,28.527420236706575,28.1149523809523,54.3605156415382,650.9986691115186,314.3479858865366,257.33300747346783,0.0
Mean: 212.60783333333333,-335.5523333333333,4201.238333333334,-97.15883333333333,48.814,-864.9953333333333,-3.1641666666666666,32.07516666666667,36.102666666666664,19.0
Variance: 17.90035536478392,14.646368950381838,30.49094571334399,28.756064649663244,32.47381630271722,54.04598588652562,668.4356219092072,313.5744457131743,253.97678902039235,0.0
Mean: 212.66983333333334,-335.64733333333334,4201.242833333334,-97.15833333333333,47.907333333333334,-865.0556666666666,-3.316,32.6895,35.48416666666667,19.0
Variance: 18.293872284271217,15.216162249254651,30.277578235288562,32.412332610991136,30.35380518975385,53.60150147247442,641.1486687781297,310.3171426071012,260.6625263932878,0.0
Mean: 212.51366666666667,-335.66066666666666,4201.307666666667,-97.41316666666667,46.3935,-865.022,-2.653,32.51833333333333,35.19983333333333,19.0
Variance: 17.712765349777843,15.046027226753285,31.14919942203095,29.91511249097114,29.463568344724056,51.83848908146653,660.2749701616937,315.24987220092237,256.0099016224927,0.0
Mean: 212.6945,-335.48266666666666,4201.185666666666,-96.40533333333333,45.321666666666665,-861.9561666666667,-3.6016666666666666,32.32816666666667,35.7115,19.0
Variance: 17.781466661105256,14.567460799022482,30.660304605414378,30.349429793854586,29.973192754347988,53.48049205421388,634.761124076235,308.3135255598155,249.28681555259206,0.0
Mean: 212.55433333333335,-335.5758333333333,4201.286666666667,-96.80416666666666,46.17516666666667,-866.269,0.30516666666666664,32.106833333333334,35.88066666666667,19.0
Variance: 17.478627660161635,14.651024476292333,29.825459799024934,27.869794271267846,29.075662582652566,50.511724287320185,635.359933294438,315.86739787186764,258.69220825693174,0.0
Mean: 212.525,-335.588,4201.3905,-95.14416666666666,44.487,-864.5558333333333,1.8865,32.263333333333335,35.034,19.0
Variance: 18.378104684114017,14.866400400068903,30.358069428604313,29.52797063399472,27.135353558926415,55.178412374326996,653.2935,315.0118241929211,252.04318453075516,0.0
Mean: 212.61033333333333,-335.4865,4201.119833333333,-96.08066666666667,44.11516666666667,-865.0585,-1.4953333333333334,31.554,36.273666666666664,19.0
Variance: 18.39789287103854,15.278697532919134,29.99980660584951,26.96965449797196,28.48031669167097,54.877557342937536,650.1106633327777,316.8662283713952,261.8677511807523,0.0
Mean: 212.55316666666667,-335.5851666666667,4201.272166666667,-96.591,41.70916666666667,-863.5128333333333,0.44016666666666665,31.995,36.523833333333336,19.000166666666665
Variance: 18.227877951876525,14.803880618997248,30.252133994683522,28.52647341223588,28.252291354114615,54.52625634825653,655.5970194754682,315.74693282213696,264.8752445129744,1.6666666666211277E-4
Mean: 212.53966666666668,-335.489,4201.306,-95.04816666666666,43.035666666666664,-863.9491666666667,2.8306666666666667,31.820166666666665,35.3845,19.0
Variance: 18.11311207423311,15.186743457250982,30.38809535018125,29.092362032561457,31.386292270934145,53.58818066901099,631.1038435294771,318.47490578985384,263.0404998333055,0.0
Mean: 212.5645,-335.4476666666667,4201.346,-94.77833333333334,44.4865,-865.5383333333333,3.251333333333333,30.7245,35.098166666666664,19.0
Variance: 17.956499166529582,14.474673667834747,30.081964326512914,28.70764849697114,28.16217811301892,54.27791020726736,657.7044489637162,310.4473409734956,262.1018802856031,0.0
Mean: 212.4255,-335.252,4201.300666666667,-92.33783333333334,44.742333333333335,-864.4298333333334,4.548666666666667,30.8455,36.0085,19.0
Variance: 17.933772045337154,14.450571095174423,30.516352281349462,30.553794271267787,29.070119575484792,53.63534919705703,661.0814784686337,297.37219178196364,265.500344474079,0.0
Mean: 212.449,-335.36333333333334,4201.3215,-93.91716666666666,44.26766666666666,-866.3805,4.698666666666667,30.911333333333335,35.928,19.0
Variance: 18.264443073844607,14.753781185743907,29.114656860738183,28.75176393287761,29.498270934044626,57.15024479072598,658.6779778852031,302.0204749680502,263.0433232205367,0.0
Mean: 212.53116666666668,-335.4465,4201.310166666667,-94.71666666666667,46.16,-867.1621666666666,4.513833333333333,30.742166666666666,37.594166666666666,19.0
Variance: 18.660805439796025,16.25751400234342,30.684410706939925,30.795188086903785,31.681013502250437,52.270247013335585,635.3223623659499,309.09853839528813,260.2991825026392,0.0
Mean: 212.46916666666667,-335.4438333333333,4201.284666666666,-95.4675,47.80116666666667,-867.7263333333333,3.5545,30.854833333333332,38.162,19.0
Variance: 17.017885619828174,15.033684252937508,30.23500405686918,30.986108101350474,28.34568958715347,53.19897305112935,644.3617567094516,307.2686380785686,263.6346951158527,0.0
Mean: 212.46266666666668,-335.392,4201.424666666667,-92.31133333333334,46.6095,-867.1715,0.8563333333333333,31.048166666666667,37.80383333333333,19.0
Variance: 18.13962949380455,14.82113952325928,29.45990154039345,27.611006723343333,27.650284797466135,54.44616211030976,647.3999265433127,305.2203833694505,252.52777326776695,0.0
Mean: 212.56883333333334,-335.293,4201.6,-91.4155,45.87433333333333,-865.3248333333333,3.662333333333333,30.948666666666668,36.973166666666664,19.000166666666665
Variance: 17.084442712670864,14.592583097185884,30.13935655942657,30.978356142690586,28.390939712174177,54.74810799027825,658.0466556648331,308.4821119075402,271.67072509307104,1.6666666666211277E-4
Mean: 212.52016666666665,-335.3926666666667,4201.4565,-91.395,46.088166666666666,-864.6706666666666,-0.236,31.481833333333334,36.093666666666664,19.000166666666665
Variance: 17.87090512307848,14.709264432952729,29.934763543862942,27.623245540923737,28.71351222425965,53.81884269599895,673.3845347557926,308.72912482636,247.29744279602158,1.6666666666211277E-4
Mean: 212.51816666666667,-335.29133333333334,4201.413833333333,-89.41366666666667,44.840333333333334,-866.5736666666667,-0.943,30.7395,36.99733333333333,19.0
Variance: 17.561596905038563,14.425862532652385,30.666686419070334,28.17757615158038,27.553098738678813,53.13609590481114,671.0029181530255,314.4917217036172,262.8834734678003,0.0
Mean: 212.52666666666667,-335.462,4201.483666666667,-93.36466666666666,43.903,-864.6855,0.39166666666666666,31.911166666666666,36.2655,19.0
Variance: 17.46219925543411,14.258599099844252,29.60400055638749,30.485765849864368,27.981254542423752,52.44933130518956,655.1724592987721,317.4028424459632,263.8509849141524,0.0
Mean: 212.5755,-335.394,4201.473333333333,-93.81633333333333,44.164,-863.262,0.08183333333333333,30.726666666666667,36.52033333333333,19.0
Variance: 19.029471328554997,15.711382563759196,30.119642163260934,28.18896471634122,31.036276712785437,52.66780063338549,658.3208567816858,315.0744679668834,259.6308583652832,0.0
Mean: 212.45966666666666,-335.4185,4201.494,-93.17966666666666,45.818333333333335,-866.5235,1.424,31.174166666666668,34.36366666666667,19.000166666666665
Variance: 18.05904973051035,15.81499358226228,30.053972994929495,29.586984386286012,28.358390287269955,54.75257317879574,664.6543330555093,331.16369325443134,261.4623236094905,1.6666666666211277E-4
Mean: 212.60633333333334,-335.3285,4201.443166666667,-91.67016666666666,46.019333333333336,-867.9818333333334,3.5396666666666667,30.791333333333334,35.748333333333335,19.000166666666665
Variance: 19.336249263768675,16.99208643106962,29.111288519298302,28.76383727843572,29.15781919208746,53.25404564653522,669.3436504973051,302.0114601322442,271.37822692671,1.6666666666211277E-4
Mean: 212.5115,-335.414,4201.594666666667,-90.521,47.00333333333333,-865.7116666666667,3.9033333333333333,31.2235,36.708666666666666,19.0
Variance: 18.508619186530055,15.881917652934368,31.716324277312822,28.476971828638465,27.472234261265807,55.332419292114835,651.8082902706007,313.94820578429744,265.3060092237595,0.0
Mean: 212.464,-335.32733333333334,4201.502,-93.73883333333333,46.422,-865.5336666666667,4.7115,31.249333333333333,36.8885,19.0
Variance: 18.207405234201886,16.107870867360052,30.02066611067258,31.936281352447836,28.739039173195422,52.85167516805983,636.0816146857809,305.90681735844856,272.3437917152858,0.0
Mean: 212.50783333333334,-335.524,4201.399666666666,-94.42283333333333,46.07983333333333,-867.1263333333334,1.712,30.698,37.520833333333336,19.000166666666665
Variance: 17.981935628157174,14.976586764465672,29.92892137601547,28.639151830860207,28.503543896205038,53.1275611490503,640.7558486414403,322.29417836306044,265.51281810857375,1.6666666666211277E-4
Mean: 212.519,-335.48083333333335,4201.3585,-96.08116666666666,46.3875,-867.7586666666666,0.5318333333333334,31.106666666666666,38.62383333333333,19.0
Variance: 19.389870645106086,15.994965133080385,29.898960910294132,29.713197505139753,27.982340806801133,53.22462899376102,630.1920186419959,318.34367950213925,258.24303914541304,0.0
Mean: 212.5355,-335.50016666666664,4201.4946666666665,-98.45116666666667,45.04,-860.3131666666667,0.6473333333333333,31.191833333333335,38.099333333333334,19.0
Variance: 17.96006642773581,15.191531894206603,29.77793454416475,28.149306856698146,28.577496249374956,54.91424567986775,656.4880408957048,310.95619267100074,257.79776584986394,0.0
Mean: 212.568,-335.45883333333336,4201.459666666667,-97.21966666666667,45.096833333333336,-861.4373333333333,-0.09566666666666666,30.963333333333335,38.0865,19.0
Variance: 16.98487347891021,14.920125326448172,29.9630337279724,32.49449563816197,30.454199005389665,51.94172984382514,648.6236184919709,310.1250097238429,267.0915330055009,0.0
Mean: 212.59666666666666,-335.52416666666664,4201.3525,-98.15866666666666,43.541666666666664,-865.0538333333334,0.4063333333333333,31.530666666666665,37.11366666666667,19.0
Variance: 17.532577651831524,14.834888453621888,29.506161442556508,29.523745513140938,26.800063899538916,52.88641637499123,670.0662375951548,310.2691044062899,256.3391364116242,0.0
Mean: 212.55483333333333,-335.48016666666666,4201.3341666666665,-97.2015,45.946333333333335,-866.7136666666667,-0.24866666666666667,31.02,36.788666666666664,19.0
Variance: 18.013662249262204,14.451681919208387,30.565593571320317,29.52415177529604,29.37901639162092,52.49909640495172,648.3842289270434,307.8012335389231,263.5245923209424,0.0
Mean: 212.58083333333335,-335.5421666666667,4201.530666666667,-96.60383333333333,47.9485,-863.7466666666667,-1.4106666666666667,30.824333333333332,36.58,19.0
Variance: 17.91845238095503,15.143079152085777,30.303443462297427,32.030557065067,27.921167944657476,54.698605323120006,679.1508780352281,322.08515541479136,256.7377229538256,0.0
Mean: 212.43116666666666,-335.667,4201.335333333333,-98.22883333333333,48.58083333333333,-867.3863333333334,-0.5375,31.573666666666668,37.962,19.000166666666665
Variance: 17.914581069063598,14.671222870479843,30.146909372590745,28.01513782852758,30.089147496804877,55.79504572977561,657.7298820636772,308.3646339945547,262.84569694949147,1.6666666666211277E-4
Mean: 212.51566666666668,-335.6125,4201.507166666666,-97.63716666666667,45.58583333333333,-864.9053333333334,-1.9248333333333334,31.062166666666666,38.89533333333333,19.0
Variance: 17.497004056229237,14.930165444240707,29.791247180112702,29.79415099738856,28.10331652497624,51.7900032226911,658.0001833361116,304.99513449463797,264.53446730010546,0.0
Mean: 212.48383333333334,-335.58133333333336,4201.399833333333,-97.45066666666666,44.50216666666667,-862.3318333333333,-2.1838333333333333,31.8245,38.20066666666666,19.000333333333334
Variance: 18.13709482135803,15.00121842529162,29.333522226238554,28.931054731343792,27.520915458131917,52.723840612394646,670.8168414457965,312.9871976162694,265.27927943546143,3.3327776849875946E-4
Mean: 212.51483333333334,-335.42383333333333,4201.403,-97.13433333333333,43.5005,-865.403,-1.4626666666666666,32.01466666666666,36.54383333333333,19.0
Variance: 17.786411040732215,15.315751264106831,29.437163861518425,29.679234427959596,27.286214119019952,55.088105684201864,651.0087743512807,302.92360548980383,260.4584883869534,0.0
Mean: 212.56083333333333,-335.4556666666667,4201.454833333333,-96.89,42.82716666666666,-865.6836666666667,-1.0543333333333333,31.496833333333335,37.252833333333335,19.0
Variance: 22.14999097071999,18.763495138077403,30.10064341167864,28.220270045007254,27.076474718008686,52.11828627000552,671.4062822692671,313.4202266766684,261.58617300105567,0.0
