usec,speed,distance
0,0.250000,8.364178
10000,0.250000,7.322484
20000,0.250000,7.248844
30001,0.250000,7.104232
40001,0.250000,7.033630
50002,0.250000,7.172982
60002,0.250000,7.449819
70002,0.250000,7.859421
80003,0.250000,8.331457
90004,0.250000,8.797603
100004,0.250000,9.322566
110010,0.250000,9.839672
120012,0.250000,10.350830
130016,0.250000,10.984789
140016,0.250000,11.675245
150017,0.250000,12.295355
160017,0.250000,13.093233
170017,0.250000,13.882797
180017,0.250000,14.663998
190018,0.250000,15.617197
200018,0.250000,16.443970
210018,0.250000,17.380499
220056,0.250000,18.424654
230059,0.250000,19.464073
240059,0.250000,20.439018
250064,0.250000,21.521120
260064,0.250000,22.541492
270065,0.250000,23.723543
280105,0.250000,24.843969
290111,0.250000,25.959049
300111,0.250000,27.121439
310138,0.250000,28.281008
320139,0.250000,29.437752
330142,0.250000,30.643656
340151,0.250000,31.843622
350151,0.250000,33.095024
360159,0.250000,34.343315
370160,0.250000,35.588493
380161,0.250000,36.830551
390162,0.250000,38.069489
400170,0.250000,39.412766
410197,0.250000,40.645454
420198,0.250000,41.824547
430199,0.250000,43.161022
440200,0.250000,44.444038
450201,0.250000,45.727055
460202,0.250000,47.003532
470203,0.250000,48.280010
480203,0.250000,49.500160
490214,0.250000,50.773361
500214,0.250000,52.103024
510215,0.250000,53.323174
520220,0.250000,54.646011
530242,0.250000,55.915936
540242,0.250000,57.185860
550242,0.250000,58.455784
560243,0.250000,59.775200
570243,0.250000,61.098038
580244,0.250000,62.367962
590244,0.250000,63.694214
600245,0.250000,64.967415
610245,0.250000,66.346718
620245,0.250000,67.669556
630245,0.250000,68.995811
640245,0.250000,70.269012
650245,0.250000,71.542213
660246,0.250000,72.815414
670246,0.250000,74.088615
680247,0.250000,75.467918
690253,0.250000,76.790756
700254,0.250000,78.117012
710259,0.250000,79.439850
720260,0.250000,80.709770
730260,0.250000,82.085518
740260,0.250000,83.411774
750261,0.250000,84.684975
760262,0.250000,86.007812
770263,0.250000,87.334068
780270,0.250000,88.713371
790270,0.250000,89.986572
800298,0.250000,91.203583
810299,0.250000,92.529839
820300,0.250000,93.803040
830300,0.250000,95.076241
840300,0.250000,96.455544
850301,0.250000,97.728745
860302,0.250000,98.952034
870303,0.250000,100.278290
880304,0.250000,101.657593
890310,0.250000,102.930794
900311,0.250000,104.203995
910311,0.250000,105.533661
920311,0.250000,106.810143
930320,0.250000,108.185898
940343,0.250000,109.455826
950344,0.250000,110.782082
960344,0.250000,112.104919
970344,0.250000,113.424339
980344,0.250000,114.697540
990344,0.250000,116.076843
1000345,0.250000,117.350044
1010345,0.250000,118.623245
1020345,0.250000,120.002548
1030345,0.250000,121.325386
1040345,0.250000,122.651642
1050346,0.250000,123.924843
1060346,0.250000,125.198044
1070346,0.250000,126.527710
1080353,0.250000,127.853966
1090357,-0.250000,129.127167
1100358,-0.250000,130.506470
1110359,-0.250000,131.567474
1120360,-0.250000,132.152527
1130361,-0.250000,132.525787
1140361,-0.250000,132.952377
1150361,-0.250000,133.165665
1160361,-0.250000,133.218857
1170361,-0.250000,133.272186
1180367,-0.250000,133.272186
1190397,-0.250000,133.272186
1200397,-0.250000,133.272186
1210398,-0.250000,133.272186
1220399,-0.250000,133.272186
1230399,-0.250000,133.272186
1240399,-0.250000,133.111801
1250399,-0.250000,132.951019
1260400,-0.250000,132.736633
1270400,-0.250000,132.360519
1280401,-0.250000,131.983444
1290402,-0.250000,131.552505
1300403,-0.250000,130.958481
1310403,-0.250000,130.415741
1320410,-0.250000,129.817245
1330411,-0.250000,129.161102
1340414,-0.250000,128.501724
1350415,-0.250000,128.005981
1360416,-0.250000,127.511444
1370417,-0.250000,126.742165
1380418,-0.250000,125.915916
1390448,-0.250000,125.091690
1400454,-0.250000,124.102615
1410459,-0.250000,123.113541
1420467,-0.250000,122.014565
1430470,-0.250000,120.915588
1440498,-0.250000,119.758842
1450501,-0.250000,118.547012
1460501,-0.250000,117.393089
1470501,-0.250000,116.126175
1480501,-0.250000,114.914345
1490502,-0.250000,113.650528
1500502,-0.250000,112.383614
1510514,-0.250000,111.113609
1520514,-0.250000,109.736526
1530514,-0.250000,108.414528
1540515,-0.250000,107.150711
1550515,-0.250000,105.941841
1560515,-0.250000,104.513176
1570545,-0.250000,103.304306
1580545,-0.250000,101.985535
1590546,-0.250000,100.608452
1600548,-0.250000,99.234734
1610548,-0.250000,97.915962
1620549,-0.250000,96.597191
1630553,-0.250000,95.278419
1640559,-0.250000,93.959648
1650559,-0.250000,92.589302
1660566,-0.250000,91.273766
1670597,-0.250000,89.958229
1680597,-0.250000,88.584511
1690599,-0.250000,87.214165
1700599,-0.250000,85.956543
1710599,-0.250000,84.534889
1720599,-0.250000,83.222588
1730600,-0.250000,81.800934
1740601,-0.250000,80.488632
1750601,-0.250000,79.176331
1760609,-0.250000,77.805984
1770610,-0.250000,76.439011
1780616,-0.250000,75.126709
1790617,-0.250000,73.814407
1800617,-0.250000,72.341721
1810617,-0.250000,71.032661
1820618,-0.250000,69.723602
1830639,-0.250000,68.356628
1840639,-0.250000,66.993027
1850639,-0.250000,65.683968
1860643,-0.250000,64.374908
1870643,-0.250000,63.007931
1880643,-0.250000,61.644329
1890644,-0.250000,60.335270
1900645,-0.250000,58.968292
1910646,-0.250000,57.655994
1920647,-0.250000,56.343697
1930653,-0.250000,54.922039
1940658,-0.250000,53.551689
1950658,-0.250000,52.294071
1960658,-0.250000,50.872414
1970660,-0.250000,49.560116
1980661,-0.250000,48.189766
1990665,-0.250000,46.874233
2000665,-0.250000,45.507256
2010665,-0.250000,44.136906
2020697,-0.250000,42.821373
2030698,-0.250000,41.505840
2040699,-0.250000,40.190308
2050703,-0.250000,38.823330
2060703,-0.250000,37.452980
2070703,-0.250000,36.079262
2080720,-0.250000,34.708912
2090742,-0.250000,33.341934
2100742,-0.250000,32.029636
2110742,-0.250000,30.768915
2120743,-0.250000,29.343752
2130744,-0.250000,28.028217
2140746,-0.250000,26.661242
2150747,-0.250000,25.290894
2160748,-0.250000,23.975359
2170750,-0.250000,22.659824
2180750,-0.250000,21.234661
2190758,-0.250000,19.919127
2200799,-0.250000,18.545410
2210800,-0.250000,17.175062
2220800,-0.250000,15.859528
2230800,-0.250000,14.537530
2240800,-0.250000,13.163814
2250801,-0.250000,11.735148
2260804,-0.250000,10.416381
2270811,-0.250000,9.097613
2280811,-0.250000,7.778846
2290842,-0.250000,6.460078
2300842,-0.250000,5.089730
2310842,-0.250000,3.716013
2320857,-0.250000,2.397246
2330858,-0.250000,1.078478
2340858,-0.250000,-0.350187
2350866,-0.250000,-1.610908
2360866,-0.250000,-2.984624
2370871,-0.250000,-4.303392
2380903,-0.250000,-5.732057
2390904,-0.250000,-7.050825
2400911,-0.250000,-8.317739
2410911,-0.250000,-9.691456
2420915,-0.250000,-11.120121
2430915,-0.250000,-12.658684
2440915,-0.250000,-14.197247
2450915,-0.250000,-15.677223
2460915,-0.250000,-17.102386
2470920,-0.250000,-18.527550
2480943,-0.250000,-19.843084
2490943,-0.250000,-21.268248
2500943,-0.250000,-22.635223
2510944,-0.250000,-24.005571
2520944,-0.250000,-25.379288
2530945,-0.250000,-26.698055
2540945,-0.250000,-28.068403
2550946,-0.250000,-29.383938
2560953,-0.250000,-30.757654
2570954,-0.250000,-32.134735
2580959,-0.250000,-33.346565
2590966,-0.250000,-34.668564
2600970,-0.250000,-35.990562
2610996,-0.250000,-37.312561
2620997,-0.250000,-38.686279
2631010,-0.250000,-40.005047
2641012,-0.250000,-41.323814
2651012,-0.250000,-42.700897
2661012,-0.250000,-44.022896
2671013,-0.250000,-45.396614
2681045,-0.250000,-46.715382
2691045,-0.250000,-48.034149
2701045,-0.250000,-49.411232
2711064,-0.250000,-50.733231
2721065,-0.250000,-52.165394
2731070,-0.250000,-53.487392
2741098,-0.250000,-54.809391
2751099,-0.250000,-56.183109
2761099,-0.250000,-57.501877
2771100,-0.250000,-58.820644
2781110,-0.250000,-60.197727
2791111,-0.250000,-61.571445
2801112,-0.250000,-62.838360
2811113,-0.250000,-64.212074
2821113,-0.250000,-65.530846
2831118,-0.250000,-66.959511
2841118,-0.250000,-68.278282
2851118,-0.250000,-69.597054
2861119,-0.250000,-70.915825
2871119,-0.250000,-72.344490
2881143,-0.250000,-73.611404
2891144,-0.250000,-74.933403
2901144,-0.250000,-76.307121
2911144,-0.250000,-77.735786
2921146,-0.250000,-79.112869
2931147,-0.250000,-80.434868
2941147,-0.250000,-81.808586
2951154,-0.250000,-83.127357
2961158,-0.250000,-84.452583
2971158,-0.250000,-85.777809
2981163,-0.250000,-87.154892
2991163,-0.250000,-88.476891
3001163,-0.250000,-89.798889
3011200,-0.250000,-91.120888
3021200,-0.250000,-92.553055
3031201,-0.250000,-93.875053
3041221,-0.250000,-95.307220
3051244,-0.250000,-96.680939
3061245,-0.250000,-98.058022
3071251,-0.250000,-99.431740
3081258,-0.250000,-100.750511
3091258,-0.250000,-102.120857
3101266,-0.250000,-103.494576
3111296,-0.250000,-104.864922
3121298,-0.250000,-106.180458
3131299,-0.250000,-107.547432
3141299,-0.250000,-108.859726
3151311,-0.250000,-110.281380
3161341,-0.250000,-111.644981
3171343,-0.250000,-113.011955
3181344,-0.250000,-114.324249
3191345,-0.250000,-115.694595
3201345,-0.250000,-117.119759
3211345,-0.250000,-118.486732
3221346,-0.250000,-119.799026
3231346,-0.250000,-121.169373
3241347,-0.250000,-122.536346
3251347,-0.250000,-123.958000
3261368,-0.250000,-125.270294
3271399,-0.250000,-126.633896
3281399,-0.250000,-128.000870
3291399,0.250000,-129.313171
3301400,0.250000,-130.676773
3311400,0.250000,-131.767654
3321400,0.250000,-132.313095
3331401,0.250000,-132.749451
3341405,0.250000,-133.021500
3351412,0.250000,-133.130310
3361413,0.250000,-133.238586
3371437,0.250000,-133.292587
3381438,0.250000,-133.346451
3391442,0.250000,-133.400177
3401455,0.250000,-133.400177
3411460,0.250000,-133.292709
3421460,0.250000,-133.131927
3431466,0.250000,-132.811996
3441466,0.250000,-132.546066
3451467,0.250000,-132.174713
3461506,0.250000,-131.698486
3471515,0.250000,-131.172089
3481515,0.250000,-130.594559
3491515,0.250000,-130.018539
3501515,0.250000,-129.339569
3511516,0.250000,-128.608368
3521548,0.250000,-127.827003
3531553,0.250000,-127.047699
3541558,0.250000,-126.166832
3551558,0.250000,-125.288307
3561559,0.250000,-124.358101
3571560,0.250000,-123.427895
3581567,0.250000,-122.394333
3591569,0.250000,-121.415070
3601570,0.250000,-120.384262
3611571,0.250000,-119.304817
3621571,0.250000,-118.173973
3631597,0.250000,-117.145927
3641599,0.250000,-116.069382
3651599,0.250000,-114.941574
3661600,0.250000,-113.813766
3671602,0.250000,-112.637878
3681602,0.250000,-111.458809
3691602,0.250000,-110.282921
3701619,0.250000,-109.158157
3711619,0.250000,-108.033394
3721620,0.250000,-106.806381
3731650,0.250000,-105.579369
3741654,0.250000,-104.406662
3751655,0.250000,-103.182968
3761665,0.250000,-102.061249
3771670,0.250000,-100.783104
3781699,0.250000,-99.610397
3791699,0.250000,-98.339180
3801700,0.250000,-97.112167
3811700,0.250000,-95.939461
3821705,0.250000,-94.668243
3831711,0.250000,-93.447876
3841711,0.250000,-92.227509
3851745,0.250000,-90.952827
3861745,0.250000,-89.729134
3871746,0.250000,-88.505440
3881751,0.250000,-87.234222
3891752,0.250000,-86.013855
3901753,0.250000,-84.691788
3911804,0.250000,-83.471420
3921811,0.250000,-82.196739
3931819,0.250000,-81.020851
3941848,0.250000,-79.746170
3951849,0.250000,-78.468025
3961850,0.250000,-77.193344
3971856,0.250000,-76.017448
3981859,0.250000,-74.688179
3991859,0.250000,-73.413498
4001859,0.250000,-72.189804
4011859,0.250000,-70.966110
4021859,0.250000,-69.687965
4031862,0.250000,-68.460945
4041862,0.250000,-67.186264
4051863,0.250000,-65.962570
4061901,0.250000,-64.738876
4071902,0.250000,-63.413204
4081939,0.250000,-62.189510
4091940,0.250000,-60.965816
4101943,0.250000,-59.647354
4111945,0.250000,-58.430313
4121952,0.250000,-57.159096
4131954,0.250000,-55.938725
4141954,0.250000,-54.670971
4152001,0.250000,-53.352509
4162006,0.250000,-52.135468
4172010,0.250000,-50.817005
4182017,0.250000,-49.599964
4192038,0.250000,-48.382923
4202043,0.250000,-47.064461
4212053,0.250000,-45.847420
4222060,0.250000,-44.630379
4232061,0.250000,-43.366096
4242067,0.250000,-42.152386
4252069,0.250000,-40.884632
4262096,0.250000,-39.620350
4272098,0.250000,-38.406639
4282099,0.250000,-37.138885
4292100,0.250000,-35.874603
4302108,0.250000,-34.660892
4312113,0.250000,-33.393139
4322114,0.250000,-32.128857
4332149,0.250000,-30.915146
4342149,0.250000,-29.600292
4352153,0.250000,-28.386581
4362154,0.250000,-27.118828
4372157,0.250000,-25.901785
4382159,0.250000,-24.637503
4392197,0.250000,-23.369749
4402198,0.250000,-22.152706
4412198,0.250000,-20.935663
4422214,0.250000,-19.617199
4432214,0.250000,-18.352917
4442215,0.250000,-17.085163
4452253,0.250000,-15.813942
4462254,0.250000,-14.546188
4472258,0.250000,-13.329144
4482302,0.250000,-12.010680
4492303,0.250000,-10.739459
4502311,0.250000,-9.519087
4512311,0.250000,-8.251333
4522312,0.250000,-7.034289
4532312,0.250000,-5.715825
4542338,0.250000,-4.498781
4552344,0.250000,-3.227560
4562345,0.250000,-1.959805
4572357,0.250000,-0.742761
4582357,0.250000,0.521523
4592358,0.250000,1.789277
4602409,0.250000,3.006321
4612413,0.250000,4.324786
4622413,0.250000,5.494310
4632415,0.250000,6.762064
4642420,0.250000,7.979109
4652420,0.250000,9.297574
4662453,0.250000,10.514619
4672459,0.250000,11.731664
4682459,0.250000,13.050129
4692464,0.250000,14.219653
4702470,0.250000,15.487409
4712495,0.250000,16.704454
4722505,0.250000,17.968739
4732512,0.250000,19.236494
4742514,0.250000,20.453539
4752549,0.250000,21.670584
4762550,0.250000,22.989050
4772553,0.250000,24.206095
4782570,0.250000,25.423140
4792598,0.250000,26.640184
4802599,0.250000,27.958651
4812599,0.250000,29.229874
4822599,0.250000,30.497629
4832600,0.250000,31.714674
4842606,0.250000,32.985897
4852612,0.250000,34.253654
4862613,0.250000,35.470699
4872645,0.250000,36.687744
4882646,0.250000,38.006210
4892654,0.250000,39.223255
4902655,0.250000,40.440300
4912659,0.250000,41.657345
4922660,0.250000,42.975811
4932702,0.250000,44.240097
4942703,0.250000,45.507854
4952703,0.250000,46.724899
4962706,0.250000,47.996124
4972709,0.250000,49.263882
4982711,0.250000,50.535107
4992752,0.250000,51.755482
5002752,0.250000,53.023239
5012754,0.250000,54.294464
5022767,0.250000,55.467178
5032767,0.250000,56.738403
5042797,0.250000,58.006161
5052805,0.250000,59.277386
5062811,0.250000,60.497761
5072819,0.250000,61.765518
5082841,0.250000,63.036743
5092843,0.250000,64.304504
5102844,0.250000,65.521553
5112858,0.250000,66.792778
5122858,0.250000,68.013153
5132858,0.250000,69.280914
5142858,0.250000,70.552139
5152870,0.250000,71.772514
5162870,0.250000,73.047203
5172904,0.250000,74.318428
5182910,0.250000,75.538803
5192910,0.250000,76.806564
5202918,0.250000,78.077789
5212918,0.250000,79.345551
5222919,0.250000,80.562599
5232950,0.250000,81.833824
5242954,0.250000,83.054199
5252959,0.250000,84.321960
5262999,0.250000,85.593185
5272999,0.250000,86.813560
5283000,0.250000,88.135635
5293013,0.250000,89.356010
5303013,0.250000,90.576385
5313014,0.250000,91.844147
5323055,0.250000,93.162613
5333057,0.250000,94.433838
5343058,0.250000,95.600174
5353058,0.250000,96.871399
5363059,0.250000,98.091774
5373060,0.250000,99.359535
5383066,0.250000,100.630760
5393095,0.250000,101.898521
5403098,0.250000,103.169746
5413098,0.250000,104.390121
5423098,0.250000,105.610497
5433099,0.250000,106.830872
5443104,0.250000,108.152946
5453111,0.250000,109.420708
5463114,0.250000,110.644409
5473116,0.250000,111.868111
5483117,0.250000,113.139336
5493118,0.250000,114.359711
5503145,0.250000,115.681786
5513146,0.250000,116.902161
5523146,0.250000,118.176849
5533153,0.250000,119.448074
5543159,0.250000,120.668449
5553159,0.250000,121.888824
5563201,0.250000,123.163513
5573209,0.250000,124.536438
5583214,0.250000,125.756821
5593219,0.250000,126.977203
5603219,-0.250000,128.197586
5613219,-0.250000,129.519669
5623254,-0.250000,130.536652
5633259,-0.250000,131.045135
5643260,-0.250000,131.504028
5653260,-0.250000,131.809952
5663261,-0.250000,132.013901
5673261,-0.250000,132.065033
5683268,-0.250000,132.065033
5693268,-0.250000,132.065033
5703297,-0.250000,132.065033
5713298,-0.250000,132.065033
5723298,-0.250000,132.065033
5733299,-0.250000,131.962784
5743300,-0.250000,131.860535
5753300,-0.250000,131.656036
5763300,-0.250000,131.349274
5773300,-0.250000,131.042511
5783301,-0.250000,130.633499
5793302,-0.250000,130.122238
5803303,-0.250000,129.610977
5813310,-0.250000,129.047073
5823312,-0.250000,128.378845
5833313,-0.250000,127.811897
5843313,-0.250000,127.243431
5853319,-0.250000,126.777084
5863319,-0.250000,126.208618
5873320,-0.250000,125.538589
5883342,-0.250000,124.817024
5893343,-0.250000,123.943184
5903344,-0.250000,123.017937
5913344,-0.250000,122.038666
5923345,-0.250000,121.062019
5933345,-0.250000,120.033966
5943346,-0.250000,118.903107
5953346,-0.250000,117.772247
5963346,-0.250000,116.641388
5973347,-0.250000,115.455956
5983347,-0.250000,114.273697
5993348,-0.250000,113.094620
6003348,-0.250000,111.912361
6013359,-0.250000,110.678703
6023359,-0.250000,109.445045
6033360,-0.250000,108.211388
6043404,-0.250000,106.977730
6053410,-0.250000,105.744072
6063414,-0.250000,104.510414
6073438,-0.250000,103.276756
6083444,-0.250000,102.043098
6093444,-0.250000,100.754585
6103446,-0.250000,99.517609
6113446,-0.250000,98.232544
6123453,-0.250000,96.944031
6133461,-0.250000,95.707054
6143461,-0.250000,94.421989
6153461,-0.250000,93.188332
6163462,-0.250000,91.954674
6173462,-0.250000,90.673065
6183463,-0.250000,89.442719
6193496,-0.250000,88.157654
6203497,-0.250000,86.876045
6213498,-0.250000,85.645699
6223514,-0.250000,84.360634
6233514,-0.250000,83.079025
6243515,-0.250000,81.848679
6253547,-0.250000,80.618332
6263547,-0.250000,79.333267
6273548,-0.250000,78.106239
6283552,-0.250000,76.879211
6293557,-0.250000,75.549934
6303557,-0.250000,74.275246
6313603,-0.250000,73.051544
6323604,-0.250000,71.773392
6333604,-0.250000,70.546371
6343616,-0.250000,69.319351
6353617,-0.250000,68.044662
6363618,-0.250000,66.820961
6373619,-0.250000,65.495285
6383641,-0.250000,64.271584
6393643,-0.250000,62.945908
6403646,-0.250000,61.722206
6413647,-0.250000,60.498505
6423648,-0.250000,59.220356
6433654,-0.250000,57.945667
6443657,-0.250000,56.721966
6453660,-0.250000,55.498264
6463664,-0.250000,54.172588
6473665,-0.250000,52.948887
6483666,-0.250000,51.677662
6493668,-0.250000,50.457287
6503699,-0.250000,49.182598
6513699,-0.250000,47.958897
6523700,-0.250000,46.633221
6533700,-0.250000,45.409519
6543700,-0.250000,44.185818
6553704,-0.250000,42.914593
6563711,-0.250000,41.694218
6573711,-0.250000,40.419529
6583712,-0.250000,39.195827
6593714,-0.250000,37.917679
6603714,-0.250000,36.642990
6613751,-0.250000,35.371765
6623759,-0.250000,34.199051
6633760,-0.250000,32.873375
6643761,-0.250000,31.649675
6653762,-0.250000,30.371527
6663762,-0.250000,29.144505
6673800,-0.250000,27.917482
6683800,-0.250000,26.642796
6693800,-0.250000,25.419096
6703801,-0.250000,24.093422
6713801,-0.250000,22.869722
6723801,-0.250000,21.591574
6733801,-0.250000,20.364552
6743802,-0.250000,19.089865
6753802,-0.250000,17.866165
6763802,-0.250000,16.642466
6773802,-0.250000,15.316791
6783802,-0.250000,14.038643
6793842,-0.250000,12.818269
6803843,-0.250000,11.543582
6813843,-0.250000,10.319882
6823859,-0.250000,9.096183
6833859,-0.250000,7.818035
6843860,-0.250000,6.591013
6853860,-0.250000,5.316327
6863860,-0.250000,4.038180
6873860,-0.250000,2.811158
6883908,-0.250000,1.584137
6893912,-0.250000,0.254864
6903913,-0.250000,-0.972158
6913920,-0.250000,-2.205815
6923941,-0.250000,-3.487420
6933942,-0.250000,-4.765567
6943942,-0.250000,-5.992588
6953944,-0.250000,-7.171664
6963944,-0.250000,-8.504533
6973956,-0.250000,-9.734874
6983958,-0.250000,-11.013021
6993958,-0.250000,-12.294625
7003958,-0.250000,-13.579684
7013960,-0.250000,-14.963817
7023960,-0.250000,-16.399214
7033960,-0.250000,-17.779612
7043961,-0.250000,-19.108885
7053961,-0.250000,-20.438158
7063962,-0.250000,-21.767431
7073962,-0.250000,-23.042116
7083963,-0.250000,-24.313337
7093970,-0.250000,-25.588022
7103997,-0.250000,-26.811720
7113997,-0.250000,-28.089867
7123998,-0.250000,-29.364552
7134008,-0.250000,-30.588249
7144012,-0.250000,-31.811947
7154012,-0.250000,-33.042286
7164014,-0.250000,-34.327343
7174015,-0.250000,-35.506420
7184016,-0.250000,-36.736759
7194017,-0.250000,-37.967098
7204017,-0.250000,-39.197437
7214017,-0.250000,-40.427776
7224017,-0.250000,-41.658115
7234018,-0.250000,-42.936260
7244042,-0.250000,-44.115334
7254043,-0.250000,-45.393478
7264044,-0.250000,-46.668163
7274045,-0.250000,-47.946308
7284046,-0.250000,-49.173328
7294046,-0.250000,-50.448013
7304046,-0.250000,-51.726158
7314046,-0.250000,-52.905231
7324046,-0.250000,-54.183376
7334046,-0.250000,-55.464977
7344046,-0.250000,-56.743122
7354053,-0.250000,-57.970142
7364059,-0.250000,-59.251743
7374060,-0.250000,-60.536800
7384061,-0.250000,-61.770454
7394062,-0.250000,-63.052055
7404063,-0.250000,-64.282394
7414064,-0.250000,-65.512733
7424064,-0.250000,-66.790878
7434065,-0.250000,-68.072479
7444070,-0.250000,-69.254730
7454116,-0.250000,-70.536331
7464117,-0.250000,-71.814476
7474118,-0.250000,-73.096077
7484118,-0.250000,-74.326416
7494119,-0.250000,-75.604561
7504142,-0.250000,-76.831581
7514148,-0.250000,-78.058601
7524148,-0.250000,-79.340202
7534148,-0.250000,-80.570541
7544149,-0.250000,-81.848686
7554149,-0.250000,-83.130287
7564149,-0.250000,-84.360626
7574150,-0.250000,-85.590965
7584151,-0.250000,-86.869110
7594154,-0.250000,-88.096130
7604159,-0.250000,-89.377731
7614159,-0.250000,-90.608070
7624159,-0.250000,-91.838409
7634160,-0.250000,-93.116554
7644160,-0.250000,-94.350204
7654160,-0.250000,-95.631805
7664160,-0.250000,-96.909950
7674160,-0.250000,-98.191551
7684160,-0.250000,-99.469696
7694161,-0.250000,-100.798965
7704161,-0.250000,-102.080566
7714196,-0.250000,-103.413429
7724196,-0.250000,-104.691574
7734197,-0.250000,-105.918587
7744198,-0.250000,-107.193268
7754199,-0.250000,-108.518936
7764200,-0.250000,-109.742630
7774200,-0.250000,-110.966324
7784201,-0.250000,-112.291992
7794201,-0.250000,-113.563210
7804201,-0.250000,-114.783577
7814202,-0.250000,-116.105644
7824202,-0.250000,-117.326012
7834203,-0.250000,-118.546379
7844204,-0.250000,-119.868446
7854204,-0.250000,-121.088814
7864204,-0.250000,-122.309181
7874209,-0.250000,-123.631248
7884212,-0.250000,-124.898994
7894213,-0.250000,-126.170212
7904213,-0.250000,-127.390579
7914213,0.250000,-128.658325
7924213,0.250000,-129.875366
7934214,0.250000,-130.841492
7944214,0.250000,-131.402344
7954214,0.250000,-131.708267
7964214,0.250000,-131.962509
7974214,0.250000,-132.064209
7984215,0.250000,-132.114914
7994216,0.250000,-132.165482
8004216,0.250000,-132.215912
8014217,0.250000,-132.215912
8024218,0.250000,-132.215912
8034218,0.250000,-132.215912
8044218,0.250000,-132.065033
8054242,0.250000,-131.764938
8064242,0.250000,-131.514175
8074242,0.250000,-131.214920
8084244,0.250000,-130.767303
8094245,0.250000,-130.369415
8104245,0.250000,-129.823853
8114245,0.250000,-129.279831
8124245,0.250000,-128.737350
8134246,0.250000,-128.046921
8144247,0.250000,-127.309280
8154247,0.250000,-126.620811
8164247,0.250000,-125.885269
8174247,0.250000,-125.002625
8184247,0.250000,-124.171402
8194247,0.250000,-123.291283
8204256,0.250000,-122.364937
8214258,0.250000,-121.389832
8224259,0.250000,-120.466156
8234259,0.250000,-119.493866
8244259,0.250000,-118.470009
8254260,0.250000,-117.449104
8264260,0.250000,-116.379585
8274260,0.250000,-115.361633
8284260,0.250000,-114.295204
8294260,0.250000,-113.228775
8304261,0.250000,-112.065399
8314262,0.250000,-110.998970
8324263,0.250000,-109.932541
8334264,0.250000,-108.820877
8344265,0.250000,-107.660881
8354270,0.250000,-106.597549
8364298,0.250000,-105.437553
8374309,0.250000,-104.277557
8384311,0.250000,-103.117561
8394319,0.250000,-102.054230
8404319,0.250000,-100.894234
8414343,0.250000,-99.689430
8424343,0.250000,-98.532814
8434344,0.250000,-97.376198
8444355,0.250000,-96.315971
8454361,0.250000,-95.107643
8464362,0.250000,-93.902840
8474363,0.250000,-92.797661
8484363,0.250000,-91.592857
8494369,0.250000,-90.436241
8504396,0.250000,-89.279625
8514396,0.250000,-88.123009
8524400,0.250000,-86.914680
8534401,0.250000,-85.754684
8544402,0.250000,-84.594688
8554402,0.250000,-83.389885
8564402,0.250000,-82.181557
8574403,0.250000,-80.976753
8584404,0.250000,-79.768425
8594411,0.250000,-78.608429
8604412,0.250000,-77.351768
8614412,0.250000,-76.139915
8624412,0.250000,-74.976540
8634412,0.250000,-73.768211
8644413,0.250000,-72.556358
8654413,0.250000,-71.348030
8664414,0.250000,-70.136177
8674415,0.250000,-68.927849
8684415,0.250000,-67.715996
8694415,0.250000,-66.552620
8704415,0.250000,-65.389244
8714416,0.250000,-64.128922
8724416,0.250000,-62.965546
8734417,0.250000,-61.802170
8744417,0.250000,-60.593838
8754417,0.250000,-59.433842
8764418,0.250000,-58.273846
8774418,0.250000,-57.113850
8784418,0.250000,-55.857185
8794419,0.250000,-54.697189
8804419,0.250000,-53.537193
8814420,0.250000,-52.332386
8824443,0.250000,-51.124054
8834444,0.250000,-49.964054
8844444,0.250000,-48.804054
8854444,0.250000,-47.644054
8864444,0.250000,-46.439247
8874445,0.250000,-45.230915
8884445,0.250000,-44.026108
8894446,0.250000,-42.914444
8904446,0.250000,-41.754444
8914446,0.250000,-40.549637
8924446,0.250000,-39.341305
8934446,0.250000,-38.091969
8944446,0.250000,-36.887157
8954453,0.250000,-35.678825
8964459,0.250000,-34.474014
8974460,0.250000,-33.221012
8984464,0.250000,-32.064396
8994465,0.250000,-30.856064
9004469,0.250000,-29.651255
9014470,0.250000,-28.449970
9024470,0.250000,-27.341545
9034470,0.250000,-26.088543
9044470,0.250000,-24.880209
9054497,0.250000,-23.720209
9064497,0.250000,-22.515398
9074501,0.250000,-21.314114
9084502,0.250000,-20.109303
9094502,0.250000,-18.952684
9104503,0.250000,-17.744350
9114503,0.250000,-16.584351
9124503,0.250000,-15.379539
9134510,0.250000,-14.178254
9144511,0.250000,-13.025021
9154512,0.250000,-11.820210
9164512,0.250000,-10.618924
9174512,0.250000,-9.465691
9184513,0.250000,-8.312457
9194519,0.250000,-7.107646
9204519,0.250000,-5.906360
9214542,0.250000,-4.753126
9224553,0.250000,-3.599892
9234553,0.250000,-2.395080
9244556,0.250000,-1.238461
9254557,0.250000,-0.081842
9264558,0.250000,1.074777
9274558,0.250000,2.327781
9284558,0.250000,3.529067
9294559,0.250000,4.682302
9304559,0.250000,5.842303
9314559,0.250000,7.047115
9324560,0.250000,8.203734
9334560,0.250000,9.360353
9344600,0.250000,10.613358
9354600,0.250000,11.769977
9364600,0.250000,12.926596
9374604,0.250000,14.134931
9384607,0.250000,15.391599
9394613,0.250000,16.551600
9404638,0.250000,17.711601
9414642,0.250000,18.871603
9424643,0.250000,20.083458
9434652,0.250000,21.343788
9444658,0.250000,22.507170
9454660,0.250000,23.715506
9464661,0.250000,24.830412
9474661,0.250000,26.090742
9484662,0.250000,27.254124
9494662,0.250000,28.417505
9504670,0.250000,29.677835
9514698,0.250000,30.841217
9524708,0.250000,32.049553
9534711,0.250000,33.261410
9544711,0.250000,34.469746
9554716,0.250000,35.681602
9564716,0.250000,36.844986
9574716,0.250000,38.105316
9584716,0.250000,39.268700
9594717,0.250000,40.484074
9604718,0.250000,41.695930
9614753,0.250000,42.859314
9624759,0.250000,44.119644
9634759,0.250000,45.335018
9644759,0.250000,46.501778
9654759,0.250000,47.668537
9664760,0.250000,48.925205
9674800,0.250000,50.137062
9684801,0.250000,51.300446
9694801,0.250000,52.560776
9704811,0.250000,53.724159
9714811,0.250000,54.932495
9724812,0.250000,56.144352
9734841,0.250000,57.307735
9744841,0.250000,58.471119
9754843,0.250000,59.634502
9764843,0.250000,60.894833
9774845,0.250000,62.103168
9784846,0.250000,63.263172
9794859,0.250000,64.423172
9804859,0.250000,65.583176
9814860,0.250000,66.839844
9824902,0.250000,67.999847
9834902,0.250000,69.159851
9844902,0.250000,70.371712
9854907,0.250000,71.580048
9864910,0.250000,72.740051
9874910,0.250000,73.900055
9884921,0.250000,75.156723
9894943,0.250000,76.316727
9904943,0.250000,77.521538
9914955,0.250000,78.729874
9924955,0.250000,79.934685
9934959,0.250000,81.091309
9944966,0.250000,82.344315
9954966,0.250000,83.500938
9964966,0.250000,84.709274
9975002,0.250000,85.914085
9985002,0.250000,87.070709
9995002,0.250000,88.271996
10005046,0.250000,89.476814
10015053,0.250000,90.633438
10025058,0.250000,91.886444
10035058,0.250000,93.043068
10045058,0.250000,94.199692
10055058,0.250000,95.356316
10065069,0.250000,96.609322
10075097,0.250000,97.817657
10085098,0.250000,98.977661
10095105,0.250000,100.182480
10105111,0.250000,101.390816
10115111,0.250000,102.595634
10125139,0.250000,103.803970
10135141,0.250000,104.963974
10145142,0.250000,106.123978
10155143,0.250000,107.380653
10165143,0.250000,108.489082
10175144,0.250000,109.697418
10185152,0.250000,110.902237
10195157,0.250000,112.058861
10205160,0.250000,113.267197
10215161,0.250000,114.427200
10225161,0.250000,115.587204
10235162,0.250000,116.747208
10245167,0.250000,118.003883
10255197,0.250000,119.260559
10265198,0.250000,120.420563
10275198,0.250000,121.580566
10285198,0.250000,122.792427
10295199,0.250000,123.955811
10305199,0.250000,125.164146
10315199,0.250000,126.420822
10325199,0.250000,127.580826
10335199,-0.250000,128.740829
10345199,-0.250000,129.945648
10355199,-0.250000,130.909500
10365199,-0.250000,131.487808
10375199,-0.250000,131.776962
10385199,-0.250000,132.113327
10395200,-0.250000,132.352875
10405201,-0.250000,132.400650
10415201,-0.250000,132.496185
10425201,-0.250000,132.496185
10435201,-0.250000,132.496185
10445202,-0.250000,132.496185
10455202,-0.250000,132.496185
10465202,-0.250000,132.448563
10475202,-0.250000,132.353867
10485202,-0.250000,132.212265
10495202,-0.250000,132.023453
10505202,-0.250000,131.788147
10515203,-0.250000,131.365875
10525203,-0.250000,130.990524
10535204,-0.250000,130.475983
10545204,-0.250000,129.962997
10555204,-0.250000,129.354904
10565210,-0.250000,128.790176
10575239,-0.250000,128.270950
10585243,-0.250000,127.750160
10595244,-0.250000,127.279549
10605249,-0.250000,126.718224
10615250,-0.250000,126.063347
10625250,-0.250000,125.314919
10635267,-0.250000,124.522125
10645296,-0.250000,123.638771
10655296,-0.250000,122.708923
10665340,-0.250000,121.735573
10675343,-0.250000,120.808571
10685344,-0.250000,119.788872
10695355,-0.250000,118.818520
10705357,-0.250000,117.709541
10715358,-0.250000,116.692978
10725397,-0.250000,115.633492
10735397,-0.250000,114.570724
10745397,-0.250000,113.419106
10755406,-0.250000,112.313553
10765410,-0.250000,111.208000
10775411,-0.250000,110.102448
10785414,-0.250000,108.996895
10795415,-0.250000,107.841713
10805415,-0.250000,106.690094
10815441,-0.250000,105.627327
10825442,-0.250000,104.475708
10835442,-0.250000,103.320526
10845446,-0.250000,102.168907
10855450,-0.250000,101.063354
10865453,-0.250000,99.915306
10875454,-0.250000,98.763695
10885457,-0.250000,97.615646
10895460,-0.250000,96.513527
10905469,-0.250000,95.411407
10915497,-0.250000,94.259796
10925498,-0.250000,93.111755
10935507,-0.250000,92.009636
10945512,-0.250000,90.815666
10955513,-0.250000,89.713547
10965549,-0.250000,88.611427
10975550,-0.250000,87.459816
10985550,-0.250000,86.354263
10995554,-0.250000,85.206223
11005558,-0.250000,84.054611
11015558,-0.250000,82.906570
11025568,-0.250000,81.804451
11035568,-0.250000,80.702332
11045569,-0.250000,79.508369
11055616,-0.250000,78.406250
11065616,-0.250000,77.304131
11075617,-0.250000,76.202011
11085638,-0.250000,75.008049
11095641,-0.250000,73.905930
11105642,-0.250000,72.761459
11115642,-0.250000,71.613419
11125642,-0.250000,70.468948
11135643,-0.250000,69.370255
11145643,-0.250000,68.271561
11155643,-0.250000,67.172867
11165644,-0.250000,66.074173
11175697,-0.250000,64.883926
11185698,-0.250000,63.743031
11195699,-0.250000,62.647770
11205718,-0.250000,61.552509
11215741,-0.250000,60.365978
11225742,-0.250000,59.270718
11235742,-0.250000,58.175457
11245744,-0.250000,57.080196
11255745,-0.250000,55.935726
11265745,-0.250000,54.794830
11275745,-0.250000,53.699574
11285745,-0.250000,52.555103
11295752,-0.250000,51.414207
11305758,-0.250000,50.269737
11315759,-0.250000,49.171047
11325759,-0.250000,48.072357
11335760,-0.250000,46.931465
11345761,-0.250000,45.836208
11355762,-0.250000,44.740952
11365762,-0.250000,43.596481
11375763,-0.250000,42.455589
11385765,-0.250000,41.311119
11395765,-0.250000,40.212429
11405765,-0.250000,39.113739
11415767,-0.250000,37.923492
11425797,-0.250000,36.873871
11435797,-0.250000,35.778614
11445799,-0.250000,34.634144
11455800,-0.250000,33.486103
11465800,-0.250000,32.383984
11475820,-0.250000,31.281864
11485843,-0.250000,30.137396
11495844,-0.250000,28.989355
11505844,-0.250000,27.844887
11515844,-0.250000,26.746197
11525845,-0.250000,25.647507
11535845,-0.250000,24.548817
11545845,-0.250000,23.450127
11555845,-0.250000,22.351437
11565845,-0.250000,21.161190
11575846,-0.250000,20.020298
11585846,-0.250000,18.925041
11595858,-0.250000,17.822922
11605859,-0.250000,16.678453
11615859,-0.250000,15.537561
11625859,-0.250000,14.484651
11635859,-0.250000,13.385962
11645859,-0.250000,12.245070
11655859,-0.250000,11.058542
11665859,-0.250000,9.963286
11675859,-0.250000,8.776759
11685859,-0.250000,7.590231
11695860,-0.250000,6.312433
11705867,-0.250000,5.125905
11715895,-0.250000,3.848106
11725895,-0.250000,2.661579
11735896,-0.250000,1.475051
11745897,-0.250000,0.337738
11755898,-0.250000,-0.803154
11765899,-0.250000,-1.898410
11775899,-0.250000,-3.084937
11785899,-0.250000,-4.222250
11795899,-0.250000,-5.363141
11805900,-0.250000,-6.458397
11815900,-0.250000,-7.602864
11825901,-0.250000,-8.659060
11835902,-0.250000,-9.761179
11845902,-0.250000,-10.863297
11855902,-0.250000,-11.922778
11865902,-0.250000,-13.028323
11875902,-0.250000,-14.084519
11885902,-0.250000,-15.186637
11895902,-0.250000,-16.288755
11905903,-0.250000,-17.440365
11915904,-0.250000,-18.545910
11925910,-0.250000,-19.651455
11935913,-0.250000,-20.799494
11945914,-0.250000,-21.951103
11955915,-0.250000,-23.056648
11965916,-0.250000,-24.211824
11975916,-0.250000,-25.363434
11985938,-0.250000,-26.468979
11995943,-0.250000,-27.574524
12005944,-0.250000,-28.729700
12015944,-0.250000,-29.838669
12025944,-0.250000,-30.990278
12035944,-0.250000,-32.095821
12045944,-0.250000,-33.250996
12055945,-0.250000,-34.402603
12065945,-0.250000,-35.508148
12075945,-0.250000,-36.613693
12085955,-0.250000,-37.811367
12095958,-0.250000,-38.959404
12105958,-0.250000,-40.061520
12115958,-0.250000,-41.163635
12125958,-0.250000,-42.315243
12135958,-0.250000,-43.463280
12145959,-0.250000,-44.565395
12155960,-0.250000,-45.709862
12165960,-0.250000,-46.857899
12175961,-0.250000,-47.960014
12185961,-0.250000,-49.104481
12195962,-0.250000,-50.252518
12205962,-0.250000,-51.354633
12215962,-0.250000,-52.456749
12225969,-0.250000,-53.601212
12235996,-0.250000,-54.749249
12245997,-0.250000,-55.893711
12255998,-0.250000,-57.034599
12265998,-0.250000,-58.179062
12275998,-0.250000,-59.277748
12285998,-0.250000,-60.376434
12295999,-0.250000,-61.566677
12305999,-0.250000,-62.665363
12315999,-0.250000,-63.806252
12325999,-0.250000,-64.852577
12336008,-0.250000,-65.993462
12346011,-0.250000,-67.130768
12356011,-0.250000,-68.229454
12366013,-0.250000,-69.370338
12376013,-0.250000,-70.465591
12386013,-0.250000,-71.652115
12396013,-0.250000,-72.796577
12406013,-0.250000,-73.937462
12416013,-0.250000,-75.074768
12426013,-0.250000,-76.215652
12436014,-0.250000,-77.360115
12446014,-0.250000,-78.500999
12456014,-0.250000,-79.638306
12466016,-0.250000,-80.779190
12476017,-0.250000,-81.923653
12486017,-0.250000,-83.022339
12496040,-0.250000,-84.121025
12506042,-0.250000,-85.311264
12516043,-0.250000,-86.501503
12526044,-0.250000,-87.551117
12536045,-0.250000,-88.737640
12546045,-0.250000,-89.832893
12556054,-0.250000,-90.970200
12566054,-0.250000,-92.160439
12576059,-0.250000,-93.259125
12586059,-0.250000,-94.400009
12596060,-0.250000,-95.495262
12606060,-0.250000,-96.639725
12616066,-0.250000,-97.738411
12626066,-0.250000,-98.879295
12636069,-0.250000,-99.974548
12646100,-0.250000,-101.119011
12656101,-0.250000,-102.217697
12666102,-0.250000,-103.358582
12676102,-0.250000,-104.453835
12686103,-0.250000,-105.549088
12696103,-0.250000,-106.644341
12706111,-0.250000,-107.830864
12716112,-0.250000,-108.926117
12726112,-0.250000,-110.021370
12736112,-0.250000,-111.207893
12746113,-0.250000,-112.303146
12756114,-0.250000,-113.489670
12766115,-0.250000,-114.634132
12776116,-0.250000,-115.775017
12786116,-0.250000,-116.912323
12796116,-0.250000,-118.053207
12806117,-0.250000,-119.148460
12816118,-0.250000,-120.292923
12826118,-0.250000,-121.433807
12836118,-0.250000,-122.529053
12846119,-0.250000,-123.715576
12856143,-0.250000,-124.810822
12866143,-0.250000,-125.955284
12876144,-0.250000,-127.053963
12886144,0.250000,-128.194839
12896145,0.250000,-129.339294
12906146,0.250000,-130.211792
12916146,0.250000,-130.715347
12926147,0.250000,-131.036789
12936147,0.250000,-131.267105
12946148,0.250000,-131.451355
12956148,0.250000,-131.543488
12966148,0.250000,-131.589401
12976148,0.250000,-131.635178
12986149,0.250000,-131.635178
12996154,0.250000,-131.635178
13006158,0.250000,-131.635178
13016160,0.250000,-131.497421
13026160,0.250000,-131.221893
13036161,0.250000,-130.991577
13046161,0.250000,-130.713486
13056162,0.250000,-130.390045
13066162,0.250000,-129.972900
13076163,0.250000,-129.461487
13086164,0.250000,-128.996567
13096164,0.250000,-128.390320
13106164,0.250000,-127.830711
13116169,0.250000,-127.133331
13126169,0.250000,-126.433823
13136197,0.250000,-125.687675
13146198,0.250000,-124.941528
13156198,0.250000,-124.102112
13166198,0.250000,-123.306915
13176198,0.250000,-122.464943
13186198,0.250000,-121.529419
13196199,0.250000,-120.637970
13206199,0.250000,-119.699600
13216201,0.250000,-118.717293
13226201,0.250000,-117.688210
13236201,0.250000,-116.702919
13246218,0.250000,-115.764549
13256218,0.250000,-114.732346
13266219,0.250000,-113.700142
13276239,0.250000,-112.667938
13286239,0.250000,-111.635735
13296244,0.250000,-110.509689
13306244,0.250000,-109.477486
13316245,0.250000,-108.395096
13326246,0.250000,-107.315971
13336254,0.250000,-106.233582
13346255,0.250000,-105.104126
13356258,0.250000,-103.974670
13366259,0.250000,-102.845215
13376260,0.250000,-101.809883
13386261,0.250000,-100.680428
13396261,0.250000,-99.550972
13406261,0.250000,-98.421516
13416261,0.250000,-97.292061
13426261,0.250000,-96.162605
13436261,0.250000,-94.939034
13446262,0.250000,-93.809578
13456262,0.250000,-92.680122
13466263,0.250000,-91.507156
13476264,0.250000,-90.381111
13486270,0.250000,-89.204597
13496296,0.250000,-88.075142
13506297,0.250000,-86.895081
13516297,0.250000,-85.718567
13526299,0.250000,-84.589111
13536299,0.250000,-83.459656
13546299,0.250000,-82.330200
13556299,0.250000,-81.200745
13566299,0.250000,-79.977173
13576299,0.250000,-78.891518
13586300,0.250000,-77.758659
13596300,0.250000,-76.582146
13606304,0.250000,-75.402084
13616304,0.250000,-74.269226
13626311,0.250000,-73.136368
13636341,0.250000,-71.909103
13646343,0.250000,-70.725502
13656345,0.250000,-69.633331
13666345,0.250000,-68.449730
13676356,0.250000,-67.218781
13686358,0.250000,-66.031631
13696361,0.250000,-64.891975
13706399,0.250000,-63.752316
13716399,0.250000,-62.517685
13726400,0.250000,-61.378025
13736400,0.250000,-60.187340
13746401,0.250000,-59.000195
13756411,0.250000,-57.860535
13766413,0.250000,-56.669849
13776414,0.250000,-55.526794
13786414,0.250000,-54.383739
13796414,0.250000,-53.196594
13806415,0.250000,-51.961964
13816417,0.250000,-50.822304
13826417,0.250000,-49.631618
13836417,0.250000,-48.488564
13846417,0.250000,-47.345509
13856417,0.250000,-46.107197
13866440,0.250000,-45.008514
13876442,0.250000,-43.817829
13886442,0.250000,-42.630684
13896444,0.250000,-41.491024
13906454,0.250000,-40.300339
13916454,0.250000,-39.113194
13926457,0.250000,-37.973534
13936458,0.250000,-36.782848
13946459,0.250000,-35.595703
13956459,0.250000,-34.456043
13966467,0.250000,-33.221409
13976497,0.250000,-32.081749
13986498,0.250000,-30.847116
13996501,0.250000,-29.707455
14006502,0.250000,-28.567793
14016503,0.250000,-27.384186
14026507,0.250000,-26.197039
14036513,0.250000,-24.962406
14046513,0.250000,-23.822744
14056545,0.250000,-22.683083
14066545,0.250000,-21.492397
14076545,0.250000,-20.349339
14086556,0.250000,-19.111027
14096557,0.250000,-17.923880
14106559,0.250000,-16.784218
14116566,0.250000,-15.644556
14126596,0.250000,-14.409923
14136615,0.250000,-13.270261
14146615,0.250000,-12.079576
14156615,0.250000,-10.892427
14166616,0.250000,-9.752766
14176650,0.250000,-8.613104
14186650,0.250000,-7.422418
14196650,0.250000,-6.279360
14206650,0.250000,-5.092212
14216658,0.250000,-3.901526
14226701,0.250000,-2.758467
14236701,0.250000,-1.571319
14246701,0.250000,-0.431656
14256701,0.250000,0.708006
14266701,0.250000,1.847669
14276701,0.250000,3.082303
14286701,0.250000,4.221965
14296702,0.250000,5.412652
14306702,0.250000,6.599800
14316702,0.250000,7.739463
14326702,0.250000,8.879126
14336702,0.250000,10.113760
14346702,0.250000,11.348394
14356703,0.250000,12.488057
14366703,0.250000,13.627720
14376704,0.250000,14.767383
14386710,0.250000,15.958069
14396717,0.250000,17.196383
14406718,0.250000,18.339441
14416718,0.250000,19.526590
14426742,0.250000,20.666254
14436743,0.250000,21.856941
14446744,0.250000,23.044090
14456745,0.250000,24.183754
14466745,0.250000,25.418388
14476746,0.250000,26.558052
14486746,0.250000,27.697716
14496746,0.250000,28.932350
14506746,0.250000,30.123037
14516746,0.250000,31.266096
14526753,0.250000,32.409157
14536765,0.250000,33.647472
14546769,0.250000,34.790531
14556769,0.250000,35.933590
14566769,0.250000,37.120739
14576798,0.250000,38.260403
14586798,0.250000,39.451092
14596807,0.250000,40.543270
14606812,0.250000,41.777905
14616818,0.250000,42.917568
14626821,0.250000,44.057232
14636843,0.250000,45.247921
14646844,0.250000,46.435070
14656844,0.250000,47.574734
14666844,0.250000,48.809368
14676844,0.250000,49.949032
14686845,0.250000,51.088696
14696845,0.250000,52.323330
14706846,0.250000,53.514019
14716847,0.250000,54.657078
14726847,0.250000,55.844227
14736855,0.250000,57.034916
14746857,0.250000,58.222065
14756859,0.250000,59.405674
14766859,0.250000,60.592823
14776859,0.250000,61.776432
14786860,0.250000,62.963581
14796860,0.250000,64.103249
14806860,0.250000,65.286858
14816860,0.250000,66.474007
14826861,0.250000,67.613670
14836862,0.250000,68.797279
14846863,0.250000,69.984428
14856864,0.250000,71.124092
14866870,0.250000,72.358727
14876897,0.250000,73.498390
14886899,0.250000,74.681999
14896899,0.250000,75.818268
14906899,0.250000,77.005417
14916899,0.250000,78.138283
14926899,0.250000,79.321892
14936899,0.250000,80.458160
14946910,0.250000,81.638229
14956910,0.250000,82.821838
14966910,0.250000,83.958107
14976913,0.250000,85.094376
14986913,0.250000,86.230644
14996914,0.250000,87.461601
15006915,0.250000,88.597870
15016915,0.250000,89.777939
15026916,0.250000,90.961548
15036916,0.250000,92.097816
15046917,0.250000,93.234085
15056918,0.250000,94.465042
15066918,0.250000,95.601311
15076941,0.250000,96.781380
15086942,0.250000,97.964989
15096944,0.250000,99.101257
15106945,0.250000,100.281326
15116945,0.250000,101.464935
15126946,0.250000,102.601204
15136946,0.250000,103.832161
15146946,0.250000,104.968430
15156947,0.250000,106.148499
15166955,0.250000,107.332108
15176957,0.250000,108.468376
15186958,0.250000,109.655533
15196958,0.250000,110.839142
15206960,0.250000,112.026299
15216960,0.250000,113.209915
15226960,0.250000,114.346184
15236960,0.250000,115.533340
15246967,0.250000,116.716957
15256970,0.250000,117.904114
15266998,0.250000,119.087730
15276999,0.250000,120.223999
15287000,0.250000,121.411156
15297000,0.250000,122.550827
15307000,0.250000,123.734444
15317001,0.250000,124.870712
15327001,0.250000,126.057869
15337002,0.250000,127.197540
15347002,-0.250000,128.337204
15357002,-0.250000,129.571838
15367003,-0.250000,130.476761
15377010,-0.250000,130.953033
15387010,-0.250000,131.380402
15397013,-0.250000,131.760284
15407014,-0.250000,131.950226
15417015,-0.250000,132.045197
15427015,-0.250000,132.045197
15437015,-0.250000,132.045197
15447015,-0.250000,132.045197
15457015,-0.250000,132.045197
15467015,-0.250000,132.045197
15477016,-0.250000,131.949661
15487016,-0.250000,131.901749
15497017,-0.250000,131.757599
15507018,-0.250000,131.469284
15517018,-0.250000,131.180969
15527051,-0.250000,130.843628
15537058,-0.250000,130.361710
15547058,-0.250000,129.830048
15557064,-0.250000,129.343903
15567065,-0.250000,128.710083
15577068,-0.250000,128.121643
15587069,-0.250000,127.580704
15597070,-0.250000,127.086136
15607097,-0.250000,126.642288
15617107,-0.250000,126.002991
15627112,-0.250000,125.216171
15637112,-0.250000,124.480629
15647115,-0.250000,123.644630
15657115,-0.250000,122.712944
15667116,-0.250000,121.732216
15677158,-0.250000,120.803192
15687159,-0.250000,119.727478
15697160,-0.250000,118.697716
15707165,-0.250000,117.618919
15717165,-0.250000,116.494316
15727166,-0.250000,115.366486
15737200,-0.250000,114.235428
15747200,-0.250000,113.107597
15757200,-0.250000,111.930725
15767205,-0.250000,110.701317
15777212,-0.250000,109.521080
15787213,-0.250000,108.393250
15797260,-0.250000,107.163841
15807260,-0.250000,105.937935
15817261,-0.250000,104.761063
15827265,-0.250000,103.584190
15837269,-0.250000,102.407318
15847296,-0.250000,101.230446
15857297,-0.250000,99.955505
15867297,-0.250000,98.726097
15877299,-0.250000,97.598267
15887301,-0.250000,96.368858
15897302,-0.250000,95.142952
15907303,-0.250000,93.966080
15917307,-0.250000,92.789207
15927312,-0.250000,91.514267
15937318,-0.250000,90.284859
15947343,-0.250000,89.104622
15957344,-0.250000,87.931122
15967345,-0.250000,86.705215
15977346,-0.250000,85.482819
15987347,-0.250000,84.309319
15997355,-0.250000,83.135818
16007356,-0.250000,81.962318
16017357,-0.250000,80.691025
16027358,-0.250000,79.517525
16037358,-0.250000,78.298637
16047358,-0.250000,77.076241
16057358,-0.250000,75.902740
16067359,-0.250000,74.729240
16077360,-0.250000,73.555740
16087360,-0.250000,72.336853
16097361,-0.250000,71.121483
16107361,-0.250000,69.954727
16117361,-0.250000,68.735840
16127361,-0.250000,67.565712
16137361,-0.250000,66.395584
16147362,-0.250000,65.127945
16157362,-0.250000,63.912575
16167369,-0.250000,62.745819
16177396,-0.250000,61.579063
16187396,-0.250000,60.367210
16197396,-0.250000,59.099571
16207397,-0.250000,57.929440
16217397,-0.250000,56.759308
16227398,-0.250000,55.589176
16237398,-0.250000,54.373806
16247399,-0.250000,53.154922
16257399,-0.250000,51.939552
16267406,-0.250000,50.727699
16277412,-0.250000,49.564320
16287412,-0.250000,48.394192
16297412,-0.250000,47.178822
16307414,-0.250000,46.012066
16317415,-0.250000,44.800213
16327416,-0.250000,43.584843
16337416,-0.250000,42.418087
16347417,-0.250000,41.206234
16357418,-0.250000,39.990864
16367438,-0.250000,38.824108
16377444,-0.250000,37.605225
16387444,-0.250000,36.389854
16397451,-0.250000,35.178001
16407459,-0.250000,34.014622
16417460,-0.250000,32.844494
16427466,-0.250000,31.629124
16437466,-0.250000,30.462368
16447467,-0.250000,29.243484
16457469,-0.250000,28.073357
16467497,-0.250000,26.903229
16477505,-0.250000,25.635590
16487505,-0.250000,24.420219
16497510,-0.250000,23.253464
16507514,-0.250000,22.086708
16517518,-0.250000,20.867825
16527518,-0.250000,19.645432
16537518,-0.250000,18.524059
16547520,-0.250000,17.256420
16557520,-0.250000,16.086292
16567542,-0.250000,14.870923
16577547,-0.250000,13.704169
16587547,-0.250000,12.440186
16597548,-0.250000,11.228333
16607550,-0.250000,10.110194
16617554,-0.250000,8.936696
16627559,-0.250000,7.717813
16637560,-0.250000,6.502445
16647560,-0.250000,5.335691
16657560,-0.250000,4.168938
16667600,-0.250000,2.904954
16677601,-0.250000,1.686072
16687602,-0.250000,0.567934
16697605,-0.250000,-0.650948
16707612,-0.250000,-1.866316
16717612,-0.250000,-3.085198
16727652,-0.250000,-4.255324
16737654,-0.250000,-5.425451
16747658,-0.250000,-6.647843
16757665,-0.250000,-7.821340
16767695,-0.250000,-8.994837
16777695,-0.250000,-10.168333
16787698,-0.250000,-11.341829
16797699,-0.250000,-12.560711
16807700,-0.250000,-13.776078
16817704,-0.250000,-14.942831
16827712,-0.250000,-16.259222
16837712,-0.250000,-17.526859
16847720,-0.250000,-18.892006
16857721,-0.250000,-20.204603
16867742,-0.250000,-21.520994
16877747,-0.250000,-22.788631
16887747,-0.250000,-24.003998
16897747,-0.250000,-25.267981
16907752,-0.250000,-26.434732
16917760,-0.250000,-27.653614
16927760,-0.250000,-28.868980
16937765,-0.250000,-30.087860
16947766,-0.250000,-31.303226
16957766,-0.250000,-32.424595
16967767,-0.250000,-33.601460
16977796,-0.250000,-34.778324
16987797,-0.250000,-35.955189
16997805,-0.250000,-37.132053
17007806,-0.250000,-38.308918
17017811,-0.250000,-39.485783
17027847,-0.250000,-40.715187
17037854,-0.250000,-41.888683
17047859,-0.250000,-43.062180
17057859,-0.250000,-44.235676
17067859,-0.250000,-45.461575
17077859,-0.250000,-46.683964
17087860,-0.250000,-47.857460
17097866,-0.250000,-49.030956
17107896,-0.250000,-50.302242
17117897,-0.250000,-51.475739
17127912,-0.250000,-52.694618
17137913,-0.250000,-53.917007
17147913,-0.250000,-55.090504
17157913,-0.250000,-56.264000
17167913,-0.250000,-57.489899
17177913,-0.250000,-58.666759
17187914,-0.250000,-59.889149
17197915,-0.250000,-61.115047
17207916,-0.250000,-62.337437
17217917,-0.250000,-63.465263
17227917,-0.250000,-64.687653
17237918,-0.250000,-65.861145
17247918,-0.250000,-67.080025
17257919,-0.250000,-68.250145
17267942,-0.250000,-69.420265
17277943,-0.250000,-70.687897
17287943,-0.250000,-71.806030
17297944,-0.250000,-73.024910
17307945,-0.250000,-74.195030
17317945,-0.250000,-75.462662
17327946,-0.250000,-76.580795
17337954,-0.250000,-77.844772
17347958,-0.250000,-79.011520
17357958,-0.250000,-80.275497
17367959,-0.250000,-81.442245
17377960,-0.250000,-82.608994
17387960,-0.250000,-83.827873
17397960,-0.250000,-84.997993
17407961,-0.250000,-86.213356
17417962,-0.250000,-87.380104
17427962,-0.250000,-88.501472
17437962,-0.250000,-89.769104
17447962,-0.250000,-90.939224
17457962,-0.250000,-92.154587
17467962,-0.250000,-93.418564
17478001,-0.250000,-94.585312
17488002,-0.250000,-95.849289
17498002,-0.250000,-97.016037
17508002,-0.250000,-98.280014
17518002,-0.250000,-99.491859
17528003,-0.250000,-100.655235
17538004,-0.250000,-101.915558
17548004,-0.250000,-103.123886
17558011,-0.250000,-104.335732
17568014,-0.250000,-105.544060
17578015,-0.250000,-106.704056
17588015,-0.250000,-107.864052
17598016,-0.250000,-109.120712
17608016,-0.250000,-110.280708
17618017,-0.250000,-111.433937
17628018,-0.250000,-112.638741
17638018,-0.250000,-113.891739
17648018,-0.250000,-115.048347
17658019,-0.250000,-116.256676
17668042,-0.250000,-117.416672
17678044,-0.250000,-118.531570
17688044,-0.250000,-119.791893
17698045,-0.250000,-121.000221
17708046,-0.250000,-122.160217
17718046,-0.250000,-123.372063
17728047,-0.250000,-124.535439
17738047,-0.250000,-125.698814
17748057,-0.250000,-126.914177
17758058,0.250000,-128.126022
17768059,0.250000,-129.289398
17778060,0.250000,-130.258881
17788060,0.250000,-130.793640
17798060,0.250000,-131.132950
17808060,0.250000,-131.326843
17818061,0.250000,-131.423798
17828061,0.250000,-131.472137
17838061,0.250000,-131.520325
17848069,0.250000,-131.520325
17858097,0.250000,-131.520325
17868103,0.250000,-131.520325
17878110,0.250000,-131.423935
17888113,0.250000,-131.230042
17898116,0.250000,-130.986969
17908117,0.250000,-130.647659
17918118,0.250000,-130.257614
17928118,0.250000,-129.817551
17938119,0.250000,-129.328598
17948143,0.250000,-128.741852
17958144,0.250000,-128.104385
17968145,0.250000,-127.465096
17978145,0.250000,-126.678276
17988146,0.250000,-125.891457
17998146,0.250000,-125.151718
18008146,0.250000,-124.315727
18018146,0.250000,-123.477356
18028147,0.250000,-122.537689
18038148,0.250000,-121.548569
18048149,0.250000,-120.611565
18058149,0.250000,-119.619644
18068153,0.250000,-118.581070
18078154,0.250000,-117.539558
18088156,0.250000,-116.495110
18098159,0.250000,-115.400925
18108160,0.250000,-114.260223
18118160,0.250000,-113.215775
18128160,0.250000,-112.121590
18138160,0.250000,-110.974464
18148160,0.250000,-109.830551
18158160,0.250000,-108.683426
18168161,0.250000,-107.586174
18178167,0.250000,-106.389175
18188197,0.250000,-105.192177
18198197,0.250000,-104.094925
18208197,0.250000,-102.897926
18218199,0.250000,-101.647560
18228200,0.250000,-100.447212
18238200,0.250000,-99.300087
18248200,0.250000,-98.103081
18258200,0.250000,-96.899391
18268201,0.250000,-95.695702
18278201,0.250000,-94.445335
18288201,0.250000,-93.244987
18298201,0.250000,-91.991142
18308201,0.250000,-90.787453
18318216,0.250000,-89.637115
18328217,0.250000,-88.383270
18338218,0.250000,-87.226532
18348218,0.250000,-85.972687
18358219,0.250000,-84.768990
18368242,0.250000,-83.565292
18378242,0.250000,-82.307968
18388242,0.250000,-81.000351
18398243,0.250000,-79.793320
18408254,0.250000,-78.586288
18418259,0.250000,-77.325485
18428260,0.250000,-76.061211
18438261,0.250000,-74.847504
18448261,0.250000,-73.586700
18458261,0.250000,-72.322418
18468262,0.250000,-71.007568
18478262,0.250000,-69.793861
18488268,0.250000,-68.526115
18498268,0.250000,-67.254898
18508298,0.250000,-65.987152
18518298,0.250000,-64.715935
18528298,0.250000,-63.495567
18538298,0.250000,-62.173504
18548298,0.250000,-60.953136
18558299,0.250000,-59.732769
18568300,0.250000,-58.458088
18578300,0.250000,-57.139629
18588305,0.250000,-55.970108
18598305,0.250000,-54.648041
18608313,0.250000,-53.427673
18618354,0.250000,-52.159924
18628358,0.250000,-50.888706
18638358,0.250000,-49.668339
18648358,0.250000,-48.400589
18658359,0.250000,-47.183548
18668360,0.250000,-45.912331
18678360,0.250000,-44.691963
18688361,0.250000,-43.424213
18698361,0.250000,-42.207172
18708361,0.250000,-40.990131
18718361,0.250000,-39.671673
18728361,0.250000,-38.454632
18738362,0.250000,-37.237591
18748362,0.250000,-35.966373
18758363,0.250000,-34.698624
18768366,0.250000,-33.434345
18778368,0.250000,-32.220634
18788370,0.250000,-30.952883
18798396,0.250000,-29.688602
18808396,0.250000,-28.427795
18818397,0.250000,-27.217421
18828397,0.250000,-25.953140
18838398,0.250000,-24.692333
18848398,0.250000,-23.428053
18858402,0.250000,-22.214342
18868402,0.250000,-20.946590
18878402,0.250000,-19.682308
18888414,0.250000,-18.468597
18898414,0.250000,-17.207790
18908414,0.250000,-15.997415
18918452,0.250000,-14.733133
18928454,0.250000,-13.472325
18938457,0.250000,-12.261950
18948462,0.250000,-10.997667
18958463,0.250000,-9.736859
18968463,0.250000,-8.526484
18978505,0.250000,-7.262201
18988510,0.250000,-6.048491
18998512,0.250000,-4.787682
19008543,0.250000,-3.577306
19018543,0.250000,-2.313024
19028544,0.250000,-1.052215
19038552,0.250000,0.158162
19048554,0.250000,1.368539
19058560,0.250000,2.625871
19068565,0.250000,3.886680
19078595,0.250000,5.097057
19088596,0.250000,6.408298
19098597,0.250000,7.618675
19108597,0.250000,8.876008
19118614,0.250000,10.136818
19128619,0.250000,11.401101
19138642,0.250000,12.661911
19148653,0.250000,13.872289
19158653,0.250000,15.136572
19168655,0.250000,16.397383
19178658,0.250000,17.607759
19188658,0.250000,18.818136
19198659,0.250000,20.082420
19208659,0.250000,21.343231
19218659,0.250000,22.553610
19228660,0.250000,23.810944
19238660,0.250000,25.071754
19248666,0.250000,26.382998
19258666,0.250000,27.593376
19268697,0.250000,28.803755
19278700,0.250000,30.061089
19288700,0.250000,31.321899
19298700,0.250000,32.532276
19308701,0.250000,33.789612
19318702,0.250000,35.050423
19328703,0.250000,36.260803
19338752,0.250000,37.518139
19348758,0.250000,38.725182
19358758,0.250000,39.932224
19368758,0.250000,41.239853
19378759,0.250000,42.393398
19388759,0.250000,43.650734
19398806,0.250000,44.857777
19408819,0.250000,46.165405
19418843,0.250000,47.372448
19428857,0.250000,48.579491
19438858,0.250000,49.840302
19448858,0.250000,51.097637
19458859,0.250000,52.358448
19468859,0.250000,53.615784
19478860,0.250000,54.876595
19488864,0.250000,56.086975
19498865,0.250000,57.398220
19508866,0.250000,58.561363
19518897,0.250000,59.822174
19528898,0.250000,61.079510
19538898,0.250000,62.286552
19548906,0.250000,63.547363
19558914,0.250000,64.858612
19568915,0.250000,66.115952
19578938,0.250000,67.322990
19588941,0.250000,68.583801
19598941,0.250000,69.841141
19608954,0.250000,71.101952
19618957,0.250000,72.359291
19628958,0.250000,73.566338
19638959,0.250000,74.827148
19648966,0.250000,76.037529
19658966,0.250000,77.348778
19668966,0.250000,78.606117
19678970,0.250000,79.766068
19688971,0.250000,81.023407
19699015,0.250000,82.230453
19709015,0.250000,83.491264
19719015,0.250000,84.748604
19729015,0.250000,85.955650
19739015,0.250000,87.162697
19749016,0.250000,88.416557
19759017,0.250000,89.673897
19769017,0.250000,90.880943
19779018,0.250000,92.134804
19789045,0.250000,93.338509
19799046,0.250000,94.595848
19809046,0.250000,95.849709
19819052,0.250000,97.107048
19829053,0.250000,98.314095
19839054,0.250000,99.567955
19849065,0.250000,100.825294
19859066,0.250000,102.132927
19869069,0.250000,103.339973
19879105,0.250000,104.593834
19889111,0.250000,105.797539
19899113,0.250000,107.101555
19909117,0.250000,108.305260
19919117,0.250000,109.562599
19929118,0.250000,110.769646
19939151,0.250000,112.023506
19949158,0.250000,113.327522
19959158,0.250000,114.531227
19969165,0.250000,115.788567
19979307,0.250000,116.995613
19989313,0.250000,118.303246
19999319,0.250000,119.510292
