usec,velocity,heading
0,0.250000,0.000000
10007,0.250000,0.000000
20007,0.250000,0.000000
30015,0.250000,0.007906
40015,0.250000,0.018975
50038,0.250000,0.031625
60040,0.250000,0.044275
70040,0.250000,0.056925
80040,0.250000,0.074319
90041,0.250000,0.091713
100041,0.250000,0.113850
110041,0.250000,0.137569
120042,0.250000,0.159706
130043,0.250000,0.188169
140091,0.250000,0.213469
150093,0.250000,0.240350
160094,0.250000,0.270394
170095,0.250000,0.300438
180095,0.250000,0.330482
190095,0.250000,0.363688
200095,0.250000,0.395313
210107,0.250000,0.426938
220109,0.250000,0.460144
230113,0.250000,0.493350
240113,0.250000,0.529719
250113,0.250000,0.561344
260135,0.250000,0.597713
270140,0.250000,0.634082
280141,0.250000,0.668869
290142,0.250000,0.706819
300142,0.250000,0.741607
310142,0.250000,0.776394
320147,0.250000,0.815926
330154,-0.250000,0.852295
340156,-0.250000,0.890245
350194,-0.250000,0.918707
360194,-0.250000,0.934520
370194,-0.250000,0.947170
380197,-0.250000,0.956657
390197,-0.250000,0.962982
400197,-0.250000,0.966145
410244,-0.250000,0.967726
420245,-0.250000,0.967726
430249,-0.250000,0.967726
440250,-0.250000,0.966145
450250,-0.250000,0.964563
460250,-0.250000,0.959820
470261,-0.250000,0.953495
480261,-0.250000,0.947170
490261,-0.250000,0.939263
500299,-0.250000,0.926613
510300,-0.250000,0.912382
520307,-0.250000,0.899732
530340,-0.250000,0.882338
540341,-0.250000,0.864945
550342,-0.250000,0.842807
560354,-0.250000,0.822251
570356,-0.250000,0.800113
580357,-0.250000,0.774813
590394,-0.250000,0.749513
600395,-0.250000,0.724213
610395,-0.250000,0.695751
620404,-0.250000,0.667288
630408,-0.250000,0.637244
640410,-0.250000,0.605619
650443,-0.250000,0.577157
660443,-0.250000,0.543950
670443,-0.250000,0.512325
680451,-0.250000,0.479119
690451,-0.250000,0.444332
700451,-0.250000,0.412707
710497,-0.250000,0.376338
720497,-0.250000,0.341550
730506,-0.250000,0.308344
740535,-0.250000,0.271975
750536,-0.250000,0.235606
760536,-0.250000,0.200819
770552,-0.250000,0.162869
780556,-0.250000,0.126500
790557,-0.250000,0.091713
800564,-0.250000,0.053762
810594,-0.250000,0.017394
820595,-0.250000,-0.020556
830598,-0.250000,-0.056925
840599,-0.250000,-0.093294
850599,-0.250000,-0.131244
860642,-0.250000,-0.169194
870642,-0.250000,-0.207144
880643,-0.250000,-0.245094
890645,-0.250000,-0.283044
900645,-0.250000,-0.320994
910645,-0.250000,-0.358944
920698,-0.250000,-0.396894
930698,-0.250000,-0.436425
940698,-0.250000,-0.474376
950710,-0.250000,-0.512326
960711,-0.250000,-0.551857
970712,-0.250000,-0.589807
980760,-0.250000,-0.627757
990760,-0.250000,-0.668869
1000761,-0.250000,-0.706819
1010761,-0.250000,-0.746351
1020765,-0.250000,-0.784301
1030793,-0.250000,-0.825413
1040797,0.250000,-0.863363
1050797,0.250000,-0.902895
1060797,0.250000,-0.934520
1070845,0.250000,-0.950332
1080846,0.250000,-0.964563
1090853,0.250000,-0.975632
1100854,0.250000,-0.981957
1110856,0.250000,-0.986701
1120857,0.250000,-0.986701
1130895,0.250000,-0.986701
1140896,0.250000,-0.983539
1150896,0.250000,-0.980376
1160897,0.250000,-0.975632
1170898,0.250000,-0.970888
1180899,0.250000,-0.966145
1190942,0.250000,-0.956657
1200943,0.250000,-0.944007
1210949,0.250000,-0.929776
1220949,0.250000,-0.913963
1230950,0.250000,-0.896570
1240954,0.250000,-0.876013
1250997,0.250000,-0.858620
1260997,0.250000,-0.838063
1270997,0.250000,-0.815926
1281008,0.250000,-0.790626
1291015,0.250000,-0.765326
1301016,0.250000,-0.738445
1311039,0.250000,-0.708401
1321039,0.250000,-0.679938
1331039,0.250000,-0.653057
1341051,0.250000,-0.621432
1351063,0.250000,-0.591388
1361064,0.250000,-0.556601
1371065,0.250000,-0.524976
1381094,0.250000,-0.491769
1391095,0.250000,-0.460144
1401104,0.250000,-0.426938
1411107,0.250000,-0.388988
1421107,0.250000,-0.355782
1431107,0.250000,-0.320994
1441109,0.250000,-0.287788
1451109,0.250000,-0.249838
1461109,0.250000,-0.213469
1471109,0.250000,-0.178681
1481110,0.250000,-0.140731
1491111,0.250000,-0.104363
1501111,0.250000,-0.067994
1511111,0.250000,-0.030044
1521111,0.250000,0.007906
1531112,0.250000,0.045856
1541113,0.250000,0.083806
1551141,0.250000,0.123338
1561141,0.250000,0.162869
1571142,0.250000,0.197656
1581142,0.250000,0.235606
1591142,0.250000,0.275138
1601143,0.250000,0.316250
1611149,0.250000,0.351038
1621154,0.250000,0.388988
1631155,0.250000,0.428519
1641159,0.250000,0.466469
1651159,0.250000,0.504419
1661160,0.250000,0.545532
1671191,0.250000,0.583482
1681193,0.250000,0.621432
1691193,0.250000,0.657801
1701203,0.250000,0.698913
1711208,0.250000,0.736863
1721209,0.250000,0.777976
1731245,0.250000,0.814345
1741249,-0.250000,0.852295
1751251,-0.250000,0.891826
1761258,-0.250000,0.923451
1771258,-0.250000,0.942426
1781259,-0.250000,0.951913
1791293,-0.250000,0.964563
1801294,-0.250000,0.972470
1811295,-0.250000,0.977213
1821296,-0.250000,0.978795
1831296,-0.250000,0.980376
1841297,-0.250000,0.980376
1851340,-0.250000,0.980376
1861341,-0.250000,0.980376
1871341,-0.250000,0.978795
1881345,-0.250000,0.977213
1891349,-0.250000,0.969307
1901350,-0.250000,0.962982
1911397,-0.250000,0.958238
1921397,-0.250000,0.945588
1931398,-0.250000,0.934520
1941411,-0.250000,0.920288
1951411,-0.250000,0.902895
1961412,-0.250000,0.885501
1971445,-0.250000,0.864945
1981446,-0.250000,0.844388
1991446,-0.250000,0.819088
2001455,-0.250000,0.796951
2011456,-0.250000,0.770069
2021457,-0.250000,0.741607
2031497,-0.250000,0.716307
2041497,-0.250000,0.686263
2051497,-0.250000,0.656219
2061557,-0.250000,0.626176
2071558,-0.250000,0.592969
2081566,-0.250000,0.564507
2091591,-0.250000,0.531300
2101593,-0.250000,0.498094
2111595,-0.250000,0.463307
2121596,-0.250000,0.431682
2131596,-0.250000,0.396894
2141596,-0.250000,0.362107
2151604,-0.250000,0.327319
2161611,-0.250000,0.292531
2171611,-0.250000,0.257744
2181644,-0.250000,0.221375
2191644,-0.250000,0.183425
2201651,-0.250000,0.148638
2211652,-0.250000,0.112269
2221656,-0.250000,0.074319
2231656,-0.250000,0.039531
2241698,-0.250000,0.003162
2251698,-0.250000,-0.034788
2261699,-0.250000,-0.069575
2271710,-0.250000,-0.107525
2281710,-0.250000,-0.145475
2291710,-0.250000,-0.183425
2301757,-0.250000,-0.219794
2311757,-0.250000,-0.257744
2321757,-0.250000,-0.295694
2331760,-0.250000,-0.333644
2341798,-0.250000,-0.371594
2351798,-0.250000,-0.409544
2361799,-0.250000,-0.447494
2371806,-0.250000,-0.487026
2381806,-0.250000,-0.524976
2391813,-0.250000,-0.564507
2401813,-0.250000,-0.602457
2411813,-0.250000,-0.641988
2421814,-0.250000,-0.681519
2431815,-0.250000,-0.722632
2441838,-0.250000,-0.760582
2451843,-0.250000,-0.798532
2461849,0.250000,-0.838063
2471853,0.250000,-0.876013
2481896,0.250000,-0.907638
2491896,0.250000,-0.925032
2501896,0.250000,-0.936101
2511934,0.250000,-0.945588
2521940,0.250000,-0.951913
2531941,0.250000,-0.955076
2541944,0.250000,-0.955076
2551944,0.250000,-0.955076
2561944,0.250000,-0.955076
2571957,0.250000,-0.951913
2581957,0.250000,-0.947170
2591965,0.250000,-0.940845
2601998,0.250000,-0.934520
2611999,0.250000,-0.928195
2621999,0.250000,-0.915545
2632006,0.250000,-0.901313
2642007,0.250000,-0.887082
2652008,0.250000,-0.869688
2662046,0.250000,-0.849132
2672054,0.250000,-0.830157
2682054,0.250000,-0.809601
2692061,0.250000,-0.787463
2702062,0.250000,-0.762163
2712092,0.250000,-0.736863
2722096,0.250000,-0.708401
2732097,0.250000,-0.679938
2742098,0.250000,-0.653057
2752098,0.250000,-0.623013
2762098,0.250000,-0.592969
2772099,0.250000,-0.561344
2782100,0.250000,-0.528138
2792107,0.250000,-0.496513
2802111,0.250000,-0.464888
2812112,0.250000,-0.431682
2822112,0.250000,-0.396894
2832112,0.250000,-0.363688
2842155,0.250000,-0.328900
2852155,0.250000,-0.294113
2862155,0.250000,-0.259325
2872159,0.250000,-0.221375
2882164,0.250000,-0.185006
2892192,0.250000,-0.150219
2902192,0.250000,-0.113850
2912192,0.250000,-0.075900
2922193,0.250000,-0.039531
2932196,0.250000,-0.001581
2942196,0.250000,0.036369
2952196,0.250000,0.074319
2962198,0.250000,0.112269
2972198,0.250000,0.150219
2982198,0.250000,0.188169
2992238,0.250000,0.227700
3002239,0.250000,0.265650
3012239,0.250000,0.303600
3022350,0.250000,0.341550
3032350,0.250000,0.379500
3042354,0.250000,0.417450
3052355,0.250000,0.455400
3062356,0.250000,0.493350
3072356,0.250000,0.532882
3082357,0.250000,0.572413
3092357,0.250000,0.610363
3102357,0.250000,0.648313
3112357,0.250000,0.687844
3122361,0.250000,0.725794
3132391,0.250000,0.765326
3142392,0.250000,0.803276
3152392,-0.250000,0.841226
3162392,-0.250000,0.880757
3172395,-0.250000,0.913963
3182414,-0.250000,0.929776
3192414,-0.250000,0.944007
3202414,-0.250000,0.955076
3212415,-0.250000,0.962982
3222416,-0.250000,0.969307
3232433,-0.250000,0.970888
3242435,-0.250000,0.970888
3252439,-0.250000,0.970888
3262445,-0.250000,0.970888
3272450,-0.250000,0.969307
3282451,-0.250000,0.964563
3292491,-0.250000,0.958238
3302493,-0.250000,0.950332
3312493,-0.250000,0.942426
3322498,-0.250000,0.929776
3332498,-0.250000,0.917126
3342499,-0.250000,0.899732
3352546,-0.250000,0.883920
3362550,-0.250000,0.863363
3372553,-0.250000,0.842807
3382564,-0.250000,0.820670
3392594,-0.250000,0.795370
3402595,-0.250000,0.771651
3412599,-0.250000,0.744769
3422600,-0.250000,0.716307
3432600,-0.250000,0.689426
3442641,-0.250000,0.659382
3452642,-0.250000,0.629338
3462643,-0.250000,0.597713
3472654,-0.250000,0.567669
3482654,-0.250000,0.536044
3492655,-0.250000,0.502838
3502698,-0.250000,0.469632
3512698,-0.250000,0.436425
3522698,-0.250000,0.401638
3532740,-0.250000,0.368432
3542740,-0.250000,0.333644
3552754,-0.250000,0.298856
3562758,-0.250000,0.262488
3572758,-0.250000,0.227700
3582759,-0.250000,0.192913
3592797,-0.250000,0.154963
3602797,-0.250000,0.120175
3612798,-0.250000,0.083806
3622839,-0.250000,0.045856
3632840,-0.250000,0.011069
3642840,-0.250000,-0.025300
3652845,-0.250000,-0.063250
3662845,-0.250000,-0.099619
3672846,-0.250000,-0.137569
3682894,-0.250000,-0.175519
3692895,-0.250000,-0.211888
3702895,-0.250000,-0.249838
3712899,-0.250000,-0.289369
3722900,-0.250000,-0.327319
3732900,-0.250000,-0.363688
3742944,-0.250000,-0.401638
3752944,-0.250000,-0.441169
3762945,-0.250000,-0.480701
3772960,-0.250000,-0.520232
3782966,-0.250000,-0.558182
3792967,-0.250000,-0.596132
3803006,-0.250000,-0.635663
3813015,-0.250000,-0.675194
3823015,-0.250000,-0.713144
3833050,-0.250000,-0.751095
3843054,-0.250000,-0.792207
3853055,0.250000,-0.831738
3863097,0.250000,-0.868107
3873098,0.250000,-0.899732
3883099,0.250000,-0.917126
3893142,0.250000,-0.928195
3903142,0.250000,-0.936101
3913142,0.250000,-0.942426
3923147,0.250000,-0.944007
3933155,0.250000,-0.944007
3943155,0.250000,-0.944007
3953197,0.250000,-0.944007
3963198,0.250000,-0.940845
3973198,0.250000,-0.937682
3983236,0.250000,-0.931357
3993238,0.250000,-0.921870
4003238,0.250000,-0.912382
4013256,0.250000,-0.901313
4023256,0.250000,-0.890245
4033256,0.250000,-0.876013
4043295,0.250000,-0.860201
4053295,0.250000,-0.841226
4063295,0.250000,-0.820670
4073311,0.250000,-0.798532
4083312,0.250000,-0.774813
4093313,0.250000,-0.751095
4103345,0.250000,-0.722632
4113345,0.250000,-0.697332
4123352,0.250000,-0.668869
4133397,0.250000,-0.638826
4143398,0.250000,-0.610363
4153406,0.250000,-0.581901
4163440,0.250000,-0.547113
4173451,0.250000,-0.515488
4183454,0.250000,-0.483863
4193459,0.250000,-0.452238
4203459,0.250000,-0.419032
4213460,0.250000,-0.384244
4223460,0.250000,-0.351038
4233460,0.250000,-0.316250
4243465,0.250000,-0.281463
4253494,0.250000,-0.246675
4263495,0.250000,-0.208725
4273495,0.250000,-0.175519
4283497,0.250000,-0.137569
4293498,0.250000,-0.101200
4303505,0.250000,-0.064831
4313547,0.250000,-0.028463
4323554,0.250000,0.009488
4333554,0.250000,0.045856
4343554,0.250000,0.083806
4353554,0.250000,0.121756
4363555,0.250000,0.159706
4373598,0.250000,0.197656
4383599,0.250000,0.235606
4393599,0.250000,0.273557
4403605,0.250000,0.314669
4413610,0.250000,0.351038
4423610,0.250000,0.387407
4433634,0.250000,0.425357
4443634,0.250000,0.464888
4453637,0.250000,0.504419
4463644,0.250000,0.543950
4473644,0.250000,0.583482
4483644,0.250000,0.621432
4493706,0.250000,0.659382
4503709,0.250000,0.697332
4513709,0.250000,0.736863
4523737,0.250000,0.774813
4533748,0.250000,0.814345
4543753,-0.250000,0.852295
4553759,-0.250000,0.891826
4563760,-0.250000,0.920288
4573761,-0.250000,0.939263
4583793,-0.250000,0.950332
4593793,-0.250000,0.961401
4603793,-0.250000,0.967726
4613812,-0.250000,0.972470
4623812,-0.250000,0.974051
4633812,-0.250000,0.974051
4643840,-0.250000,0.974051
4653840,-0.250000,0.974051
4663840,-0.250000,0.974051
4673843,-0.250000,0.970888
4683850,-0.250000,0.964563
4693855,-0.250000,0.958238
4703861,-0.250000,0.953495
4713861,-0.250000,0.944007
4723861,-0.250000,0.932938
4733862,-0.250000,0.920288
4743866,-0.250000,0.904476
4753906,-0.250000,0.885501
4763913,-0.250000,0.866526
4773914,-0.250000,0.847551
4783914,-0.250000,0.825413
4793939,-0.250000,0.800113
4803939,-0.250000,0.774813
4813939,-0.250000,0.749513
4823943,-0.250000,0.721051
4833943,-0.250000,0.692588
4843943,-0.250000,0.662544
4854017,-0.250000,0.634082
4864039,-0.250000,0.602457
4874040,-0.250000,0.572413
4884051,-0.250000,0.540788
4894051,-0.250000,0.507582
4904055,-0.250000,0.474375
4914097,-0.250000,0.441169
4924098,-0.250000,0.406382
4934099,-0.250000,0.373175
4944137,-0.250000,0.336807
4954141,-0.250000,0.303600
4964141,-0.250000,0.267231
4974153,-0.250000,0.230863
4984154,-0.250000,0.196075
4994154,-0.250000,0.159706
5004198,-0.250000,0.123338
5014198,-0.250000,0.086969
5024198,-0.250000,0.050600
5034259,-0.250000,0.012650
5044260,-0.250000,-0.023719
5054260,-0.250000,-0.058506
5064290,-0.250000,-0.096456
5074290,-0.250000,-0.135988
5084295,-0.250000,-0.172356
5094305,-0.250000,-0.210307
5104307,-0.250000,-0.246675
5114308,-0.250000,-0.286207
5124344,-0.250000,-0.322575
5134345,-0.250000,-0.362107
5144346,-0.250000,-0.400057
5154395,-0.250000,-0.436425
5164396,-0.250000,-0.475957
5174396,-0.250000,-0.515488
5184434,-0.250000,-0.553438
5194435,-0.250000,-0.592969
5204436,-0.250000,-0.632501
5214446,-0.250000,-0.670451
5224453,-0.250000,-0.708401
5234454,-0.250000,-0.749513
5244498,-0.250000,-0.789045
5254498,0.250000,-0.826995
5264498,0.250000,-0.863363
5274542,0.250000,-0.894988
5284543,0.250000,-0.912382
5294550,0.250000,-0.921870
5304559,0.250000,-0.929776
5314566,0.250000,-0.936101
5324593,0.250000,-0.939263
5334597,0.250000,-0.939263
5344598,0.250000,-0.939263
5354599,0.250000,-0.937682
5364644,0.250000,-0.934520
5374645,0.250000,-0.929776
5384646,0.250000,-0.925032
5394660,0.250000,-0.915545
5404660,0.250000,-0.909220
5414661,0.250000,-0.901313
5424694,0.250000,-0.888663
5434695,0.250000,-0.872851
5444695,0.250000,-0.855457
5454742,0.250000,-0.838063
5464750,0.250000,-0.814345
5474754,0.250000,-0.793788
5484766,0.250000,-0.771651
5494794,0.250000,-0.746351
5504795,0.250000,-0.721051
5514808,0.250000,-0.694169
5524809,0.250000,-0.665707
5534810,0.250000,-0.637244
5544845,0.250000,-0.608782
5554845,0.250000,-0.578738
5564846,0.250000,-0.548694
5574895,0.250000,-0.515488
5584896,0.250000,-0.482282
5594897,0.250000,-0.449075
5604912,0.250000,-0.417450
5614912,0.250000,-0.384244
5624912,0.250000,-0.349457
5634945,0.250000,-0.314669
5644950,0.250000,-0.279882
5654956,0.250000,-0.245094
5664996,0.250000,-0.210306
5675034,0.250000,-0.172356
5685039,0.250000,-0.134406
5695045,0.250000,-0.099619
5705045,0.250000,-0.064831
5715045,0.250000,-0.026881
5725051,0.250000,0.011069
5735056,0.250000,0.049019
5745056,0.250000,0.086969
5755095,0.250000,0.124919
5765095,0.250000,0.164450
5775095,0.250000,0.202400
5785138,0.250000,0.240350
5795148,0.250000,0.279882
5805154,0.250000,0.317832
5815154,0.250000,0.355782
5825155,0.250000,0.393732
5835155,0.250000,0.431682
5845198,0.250000,0.469632
5855199,0.250000,0.507582
5865200,0.250000,0.548694
5875244,0.250000,0.586644
5885250,0.250000,0.624594
5895255,0.250000,0.662544
5905260,0.250000,0.700494
5915260,0.250000,0.738444
5925261,0.250000,0.777976
5935310,0.250000,0.817507
5945310,-0.250000,0.857038
5955310,-0.250000,0.894988
5965345,-0.250000,0.923451
5975345,-0.250000,0.940845
5985345,-0.250000,0.951913
5995365,-0.250000,0.959820
6005393,-0.250000,0.966145
6015395,-0.250000,0.969307
6025398,-0.250000,0.970888
6035399,-0.250000,0.972470
6045400,-0.250000,0.972470
6055409,-0.250000,0.970888
6065409,-0.250000,0.967726
6075409,-0.250000,0.964563
6085444,-0.250000,0.956657
6095444,-0.250000,0.948751
6105445,-0.250000,0.940845
6115456,-0.250000,0.928195
6125456,-0.250000,0.915545
6135456,-0.250000,0.899732
6145498,-0.250000,0.882338
6155498,-0.250000,0.861782
6165498,-0.250000,0.841226
6175544,-0.250000,0.819088
6185545,-0.250000,0.793788
6195545,-0.250000,0.768488
6205548,-0.250000,0.743188
6215550,-0.250000,0.714726
6225555,-0.250000,0.686263
6235600,-0.250000,0.657801
6245600,-0.250000,0.627757
6255600,-0.250000,0.596132
6265637,-0.250000,0.564507
6275640,-0.250000,0.531300
6285641,-0.250000,0.499675
6295646,-0.250000,0.466469
6305646,-0.250000,0.433263
6315650,-0.250000,0.398475
6325698,-0.250000,0.363688
6335699,-0.250000,0.330482
6345700,-0.250000,0.292531
6355737,-0.250000,0.257744
6365740,-0.250000,0.222956
6375740,-0.250000,0.186588
6385745,-0.250000,0.150219
6395745,-0.250000,0.115431
6405749,-0.250000,0.077481
6415796,-0.250000,0.039531
6425797,-0.250000,0.004744
6435798,-0.250000,-0.031625
6445812,-0.250000,-0.069575
6455833,-0.250000,-0.107525
6465838,-0.250000,-0.143894
6475843,-0.250000,-0.181844
6485851,-0.250000,-0.219794
6495851,-0.250000,-0.256163
6505893,-0.250000,-0.294113
6515893,-0.250000,-0.332063
6525893,-0.250000,-0.371594
6535906,-0.250000,-0.409544
6545908,-0.250000,-0.447494
6555909,-0.250000,-0.487026
6565945,-0.250000,-0.524976
6575945,-0.250000,-0.564507
6585945,-0.250000,-0.604038
6595994,-0.250000,-0.641988
6605994,-0.250000,-0.681519
6616005,-0.250000,-0.719469
6626005,-0.250000,-0.759001
6636007,-0.250000,-0.796951
6646008,0.250000,-0.838063
6656039,0.250000,-0.876013
6666039,0.250000,-0.906057
6676040,0.250000,-0.923451
6686060,0.250000,-0.934520
6696060,0.250000,-0.945588
6706060,0.250000,-0.951913
6716097,0.250000,-0.953495
6726097,0.250000,-0.955076
6736097,0.250000,-0.955076
6746141,0.250000,-0.955076
6756141,0.250000,-0.955076
6766141,0.250000,-0.953495
6776147,0.250000,-0.948751
6786151,0.250000,-0.940845
6796154,0.250000,-0.931357
6806197,0.250000,-0.923451
6816197,0.250000,-0.912382
6826198,0.250000,-0.899732
6836199,0.250000,-0.883920
6846207,0.250000,-0.866526
6856207,0.250000,-0.849132
6866209,0.250000,-0.826995
6876210,0.250000,-0.804857
6886211,0.250000,-0.779557
6896211,0.250000,-0.755838
6906212,0.250000,-0.730538
6916248,0.250000,-0.703657
6926248,0.250000,-0.675194
6936253,0.250000,-0.645151
6946254,0.250000,-0.616688
6956255,0.250000,-0.586644
6966256,0.250000,-0.556601
6976263,0.250000,-0.524976
6986297,0.250000,-0.490188
6996297,0.250000,-0.455400
7006298,0.250000,-0.425357
7016313,0.250000,-0.392150
7026313,0.250000,-0.357363
7036313,0.250000,-0.320994
7046343,0.250000,-0.286207
7056343,0.250000,-0.253000
7066343,0.250000,-0.216631
7076367,0.250000,-0.180263
7086393,0.250000,-0.143894
7096393,0.250000,-0.105944
7106397,0.250000,-0.069575
7116398,0.250000,-0.033206
7126398,0.250000,0.004744
7136440,0.250000,0.044275
7146440,0.250000,0.082225
7156440,0.250000,0.118594
7166443,0.250000,0.156544
7176443,0.250000,0.196075
7186450,0.250000,0.234025
7196495,0.250000,0.270394
7206495,0.250000,0.308344
7216496,0.250000,0.349457
7226515,0.250000,0.387407
7236539,0.250000,0.423775
7246539,0.250000,0.461725
7256548,0.250000,0.502838
7266554,0.250000,0.540788
7276555,0.250000,0.580319
7286596,0.250000,0.616688
7296596,0.250000,0.656219
7306596,0.250000,0.695751
7316610,0.250000,0.733701
7326611,0.250000,0.771651
7336611,0.250000,0.811182
7346644,-0.250000,0.850713
7356650,-0.250000,0.888663
7366654,-0.250000,0.918707
7376692,-0.250000,0.934520
7386692,-0.250000,0.947170
7396693,-0.250000,0.956657
7406710,-0.250000,0.962982
7416711,-0.250000,0.966145
7426711,-0.250000,0.969307
7436744,-0.250000,0.969307
7446744,-0.250000,0.967726
7456745,-0.250000,0.964563
7466753,-0.250000,0.959820
7476754,-0.250000,0.955076
7486755,-0.250000,0.945588
7496797,-0.250000,0.936101
7506798,-0.250000,0.925032
7516799,-0.250000,0.912382
7526838,-0.250000,0.894988
7536838,-0.250000,0.876013
7546838,-0.250000,0.858620
7556850,-0.250000,0.836482
7566855,-0.250000,0.812763
7576855,-0.250000,0.790626
7586898,-0.250000,0.765326
7596899,-0.250000,0.738444
7606899,-0.250000,0.711563
7616945,-0.250000,0.683101
7626946,-0.250000,0.653057
7636949,-0.250000,0.621432
7646991,-0.250000,0.589807
7656992,-0.250000,0.558182
7666992,-0.250000,0.528138
7677008,-0.250000,0.493350
7687009,-0.250000,0.461725
7697015,-0.250000,0.428519
7707051,-0.250000,0.393732
7717051,-0.250000,0.360525
7727055,-0.250000,0.324157
7737098,-0.250000,0.289369
7747098,-0.250000,0.253000
7757098,-0.250000,0.218213
7767098,-0.250000,0.181844
7777098,-0.250000,0.147056
7787098,-0.250000,0.110688
7797098,-0.250000,0.074319
7807098,-0.250000,0.037950
7817098,-0.250000,0.001581
7827112,-0.250000,-0.037950
7837112,-0.250000,-0.072738
7847113,-0.250000,-0.110688
7857143,-0.250000,-0.147056
7867143,-0.250000,-0.185006
7877143,-0.250000,-0.222957
7887143,-0.250000,-0.259325
7897143,-0.250000,-0.297275
7907150,-0.250000,-0.336807
7917151,-0.250000,-0.373175
7927152,-0.250000,-0.411125
7937154,-0.250000,-0.450657
7947162,-0.250000,-0.490188
7957163,-0.250000,-0.528138
7967192,-0.250000,-0.567669
7977192,-0.250000,-0.605619
7987194,-0.250000,-0.643569
7997205,-0.250000,-0.683101
8007212,-0.250000,-0.724213
8017212,-0.250000,-0.762163
8027213,-0.250000,-0.800113
8037214,0.250000,-0.839645
8047214,0.250000,-0.879176
8057214,0.250000,-0.909220
8067214,0.250000,-0.925032
8077215,0.250000,-0.937682
8087237,0.250000,-0.948751
8097238,0.250000,-0.956657
8107240,0.250000,-0.958238
8117240,0.250000,-0.959820
8127241,0.250000,-0.959820
8137242,0.250000,-0.959820
8147242,0.250000,-0.959820
8157242,0.250000,-0.959820
8167243,0.250000,-0.956657
8177244,0.250000,-0.947170
8187245,0.250000,-0.940845
8197245,0.250000,-0.931357
8207249,0.250000,-0.921870
8217249,0.250000,-0.909220
8227255,0.250000,-0.893407
8237256,0.250000,-0.877595
8247295,0.250000,-0.857038
8257295,0.250000,-0.836482
8267295,0.250000,-0.815926
8277305,0.250000,-0.792207
8287306,0.250000,-0.766907
8297306,0.250000,-0.741607
8307344,0.250000,-0.714726
8317344,0.250000,-0.686263
8327345,0.250000,-0.657801
8337353,0.250000,-0.626176
8347355,0.250000,-0.596132
8357355,0.250000,-0.566088
8367396,0.250000,-0.534463
8377397,0.250000,-0.499676
8387397,0.250000,-0.468050
8397434,0.250000,-0.434844
8407434,0.250000,-0.401638
8417440,0.250000,-0.368432
8427454,0.250000,-0.333644
8437454,0.250000,-0.297275
8447454,0.250000,-0.262488
8457602,0.250000,-0.227700
8467609,0.250000,-0.191331
8477609,0.250000,-0.154963
8487609,0.250000,-0.118594
8497609,0.250000,-0.080644
8507609,0.250000,-0.045856
8517609,0.250000,-0.007906
8527609,0.250000,0.031625
8537609,0.250000,0.069575
8547610,0.250000,0.104363
8557611,0.250000,0.143894
8567611,0.250000,0.183425
8577611,0.250000,0.221375
8587612,0.250000,0.256163
8597612,0.250000,0.294113
8607657,0.250000,0.333644
8617657,0.250000,0.371594
8627657,0.250000,0.409544
8637699,0.250000,0.445913
8647706,0.250000,0.485444
8657708,0.250000,0.524975
8667712,0.250000,0.562926
8677713,0.250000,0.599294
8687714,0.250000,0.640407
8697742,0.250000,0.678357
8707742,0.250000,0.717888
8717742,0.250000,0.755838
8727797,0.250000,0.795370
8737798,-0.250000,0.833320
8747799,-0.250000,0.871270
8757811,-0.250000,0.902895
8767811,-0.250000,0.918707
8777812,-0.250000,0.931357
8787843,-0.250000,0.942426
8797843,-0.250000,0.948751
8807849,-0.250000,0.951913
8817857,-0.250000,0.951913
8827858,-0.250000,0.951913
8837859,-0.250000,0.948751
8847899,-0.250000,0.947170
8857900,-0.250000,0.944007
8867916,-0.250000,0.937682
8877935,-0.250000,0.926613
8887935,-0.250000,0.918707
8897940,-0.250000,0.906057
8907957,-0.250000,0.891826
8917957,-0.250000,0.876013
8927958,-0.250000,0.857038
8937990,-0.250000,0.838063
8947992,-0.250000,0.817507
8958003,-0.250000,0.795370
8968006,-0.250000,0.770069
8978009,-0.250000,0.746351
8988015,-0.250000,0.719469
8998048,-0.250000,0.694169
9008054,-0.250000,0.664126
9018054,-0.250000,0.635663
9028096,-0.250000,0.604038
9038097,-0.250000,0.573994
9048097,-0.250000,0.543950
9058140,-0.250000,0.510744
9068141,-0.250000,0.477538
9078141,-0.250000,0.445913
9088145,-0.250000,0.411125
9098149,-0.250000,0.379500
9108155,-0.250000,0.344713
9118211,-0.250000,0.308344
9128211,-0.250000,0.273556
9138212,-0.250000,0.238769
9148237,-0.250000,0.203981
9158237,-0.250000,0.167613
9168238,-0.250000,0.129663
9178245,-0.250000,0.094875
9188245,-0.250000,0.058506
9198245,-0.250000,0.020556
9208296,-0.250000,-0.014231
9218296,-0.250000,-0.052181
9228296,-0.250000,-0.088550
9238310,-0.250000,-0.126500
9248311,-0.250000,-0.162869
9258311,-0.250000,-0.199238
9268352,-0.250000,-0.237188
9278354,-0.250000,-0.275138
9288355,-0.250000,-0.313088
9298366,-0.250000,-0.351038
9308367,-0.250000,-0.388988
9318394,-0.250000,-0.428519
9328398,-0.250000,-0.466469
9338399,-0.250000,-0.506001
9348399,-0.250000,-0.543951
9358444,-0.250000,-0.581901
9368451,-0.250000,-0.623013
9378456,-0.250000,-0.662544
9388460,-0.250000,-0.698913
9398460,-0.250000,-0.738445
9408460,-0.250000,-0.777976
9418499,-0.250000,-0.817507
9428499,0.250000,-0.855457
9438499,0.250000,-0.893407
9448550,0.250000,-0.926613
9458554,0.250000,-0.944007
9468555,0.250000,-0.955076
9478565,0.250000,-0.964563
9488566,0.250000,-0.972470
9498591,0.250000,-0.972470
9508598,0.250000,-0.972470
9518599,0.250000,-0.972470
9528599,0.250000,-0.970888
9538643,0.250000,-0.966145
9548644,0.250000,-0.959820
9558645,0.250000,-0.951913
9568654,0.250000,-0.942426
9578654,0.250000,-0.932938
9588655,0.250000,-0.918707
9598696,0.250000,-0.902895
9608696,0.250000,-0.885501
9618696,0.250000,-0.866526
9628808,0.250000,-0.845970
9638809,0.250000,-0.823832
9648810,0.250000,-0.801695
9658811,0.250000,-0.776395
9668811,0.250000,-0.751095
9678811,0.250000,-0.722632
9688812,0.250000,-0.694169
9698812,0.250000,-0.665707
9708813,0.250000,-0.638826
9718834,0.250000,-0.607201
9728840,0.250000,-0.573994
9738840,0.250000,-0.542369
9748844,0.250000,-0.510744
9758849,0.250000,-0.479119
9768853,0.250000,-0.445913
9778854,0.250000,-0.411125
9788854,0.250000,-0.376338
9798854,0.250000,-0.343132
9808933,0.250000,-0.308344
9818939,0.250000,-0.271975
9828939,0.250000,-0.235606
9838939,0.250000,-0.199238
9848939,0.250000,-0.164450
9858947,0.250000,-0.129663
9868947,0.250000,-0.090131
9878947,0.250000,-0.053763
9888950,0.250000,-0.015813
9898951,0.250000,0.020556
9908954,0.250000,0.058506
9918955,0.250000,0.096456
9928998,0.250000,0.135988
9938999,0.250000,0.172356
9948999,0.250000,0.211888
9959014,0.250000,0.249838
9969038,0.250000,0.286207
9979039,0.250000,0.324157
9989050,0.250000,0.362107
9999056,0.250000,0.400057
